index,answer,t0,t1,webm_url,video_id
0,save a design in Photoshop format or PSD,32.96,48.78,https://images-tv.adobe.com/avp/vr/ebed59ee-4453-4fbb-b9a9-e3f690f4772f/c1272e00-cd83-44eb-9ccb-912dc6bb7aab/3f1d31a6-9eda-408e-9251-0bedef7ab4ea_20151215092907.1280x720at2400_vp8.webm,14643
1,maximize compatibility,49.299999,60.72,https://images-tv.adobe.com/avp/vr/ebed59ee-4453-4fbb-b9a9-e3f690f4772f/c1272e00-cd83-44eb-9ccb-912dc6bb7aab/3f1d31a6-9eda-408e-9251-0bedef7ab4ea_20151215092907.1280x720at2400_vp8.webm,14643
2,save a file in PDF format,76.27,102.92,https://images-tv.adobe.com/avp/vr/ebed59ee-4453-4fbb-b9a9-e3f690f4772f/c1272e00-cd83-44eb-9ccb-912dc6bb7aab/3f1d31a6-9eda-408e-9251-0bedef7ab4ea_20151215092907.1280x720at2400_vp8.webm,14643
3,export a file for online use,125.9,138.57,https://images-tv.adobe.com/avp/vr/ebed59ee-4453-4fbb-b9a9-e3f690f4772f/c1272e00-cd83-44eb-9ccb-912dc6bb7aab/3f1d31a6-9eda-408e-9251-0bedef7ab4ea_20151215092907.1280x720at2400_vp8.webm,14643
4,save a file as a JPG,125.9,181.309999,https://images-tv.adobe.com/avp/vr/ebed59ee-4453-4fbb-b9a9-e3f690f4772f/c1272e00-cd83-44eb-9ccb-912dc6bb7aab/3f1d31a6-9eda-408e-9251-0bedef7ab4ea_20151215092907.1280x720at2400_vp8.webm,14643
5,save a file as a PNG,125.9,181.309999,https://images-tv.adobe.com/avp/vr/ebed59ee-4453-4fbb-b9a9-e3f690f4772f/c1272e00-cd83-44eb-9ccb-912dc6bb7aab/3f1d31a6-9eda-408e-9251-0bedef7ab4ea_20151215092907.1280x720at2400_vp8.webm,14643
6,save a file as a GIF,125.9,181.309999,https://images-tv.adobe.com/avp/vr/ebed59ee-4453-4fbb-b9a9-e3f690f4772f/c1272e00-cd83-44eb-9ccb-912dc6bb7aab/3f1d31a6-9eda-408e-9251-0bedef7ab4ea_20151215092907.1280x720at2400_vp8.webm,14643
7,save a file as a SVG,125.9,181.309999,https://images-tv.adobe.com/avp/vr/ebed59ee-4453-4fbb-b9a9-e3f690f4772f/c1272e00-cd83-44eb-9ccb-912dc6bb7aab/3f1d31a6-9eda-408e-9251-0bedef7ab4ea_20151215092907.1280x720at2400_vp8.webm,14643
8,export a layer,186.45,202.41,https://images-tv.adobe.com/avp/vr/ebed59ee-4453-4fbb-b9a9-e3f690f4772f/c1272e00-cd83-44eb-9ccb-912dc6bb7aab/3f1d31a6-9eda-408e-9251-0bedef7ab4ea_20151215092907.1280x720at2400_vp8.webm,14643
9,add text to an image,14.11,33.109999,https://images-tv.adobe.com/avp/vr/ebed59ee-4453-4fbb-b9a9-e3f690f4772f/f6b977a9-255e-42f9-a486-836e37ce01ad/3c039784-9ab4-4e23-8e76-ddd943ad07f7_20151215080727.1280x720at2400_vp8.webm,14644
10,edit how the text looks,48.69,70.25,https://images-tv.adobe.com/avp/vr/ebed59ee-4453-4fbb-b9a9-e3f690f4772f/f6b977a9-255e-42f9-a486-836e37ce01ad/3c039784-9ab4-4e23-8e76-ddd943ad07f7_20151215080727.1280x720at2400_vp8.webm,14644
11,use typekit fonts,77.76,140.32,https://images-tv.adobe.com/avp/vr/ebed59ee-4453-4fbb-b9a9-e3f690f4772f/f6b977a9-255e-42f9-a486-836e37ce01ad/3c039784-9ab4-4e23-8e76-ddd943ad07f7_20151215080727.1280x720at2400_vp8.webm,14644
12,add effects to text,212.009999,249.01,https://images-tv.adobe.com/avp/vr/ebed59ee-4453-4fbb-b9a9-e3f690f4772f/f6b977a9-255e-42f9-a486-836e37ce01ad/3c039784-9ab4-4e23-8e76-ddd943ad07f7_20151215080727.1280x720at2400_vp8.webm,14644
13,start a project with an existing image,30.52,41.22,https://images-tv.adobe.com/avp/vr/b3750ea0-c30d-4b5d-b762-db043c5f3f91/d4e51324-aeff-4c10-ab64-1186ce2cbd03/651f290f-9f11-42bb-b530-ca5a828b8984_20151214020210.1280x720at2400_vp8.webm,14645
14,add a layer,64.82,82.44,https://images-tv.adobe.com/avp/vr/b3750ea0-c30d-4b5d-b762-db043c5f3f91/d4e51324-aeff-4c10-ab64-1186ce2cbd03/651f290f-9f11-42bb-b530-ca5a828b8984_20151214020210.1280x720at2400_vp8.webm,14645
15,fill a selected area,91.53,139.44,https://images-tv.adobe.com/avp/vr/b3750ea0-c30d-4b5d-b762-db043c5f3f91/d4e51324-aeff-4c10-ab64-1186ce2cbd03/651f290f-9f11-42bb-b530-ca5a828b8984_20151214020210.1280x720at2400_vp8.webm,14645
16,blend a layer,162.24,177.689999,https://images-tv.adobe.com/avp/vr/b3750ea0-c30d-4b5d-b762-db043c5f3f91/d4e51324-aeff-4c10-ab64-1186ce2cbd03/651f290f-9f11-42bb-b530-ca5a828b8984_20151214020210.1280x720at2400_vp8.webm,14645
17,add a layer from an image,181.28,215.84,https://images-tv.adobe.com/avp/vr/b3750ea0-c30d-4b5d-b762-db043c5f3f91/d4e51324-aeff-4c10-ab64-1186ce2cbd03/651f290f-9f11-42bb-b530-ca5a828b8984_20151214020210.1280x720at2400_vp8.webm,14645
18,place layer behind another layer,250.51,274.35,https://images-tv.adobe.com/avp/vr/b3750ea0-c30d-4b5d-b762-db043c5f3f91/d4e51324-aeff-4c10-ab64-1186ce2cbd03/651f290f-9f11-42bb-b530-ca5a828b8984_20151214020210.1280x720at2400_vp8.webm,14645
19,vector graphics,9.46,20.34,https://images-tv.adobe.com/avp/vr/b3750ea0-c30d-4b5d-b762-db043c5f3f91/721bd683-0ff0-4635-bb0e-664c32921f06/8d186f1e-7567-42ff-90a8-3e4ca63981b5_20151212010534.1280x720at2400_vp8.webm,14646
20,create a vector graphic,23.49,50.13,https://images-tv.adobe.com/avp/vr/b3750ea0-c30d-4b5d-b762-db043c5f3f91/721bd683-0ff0-4635-bb0e-664c32921f06/8d186f1e-7567-42ff-90a8-3e4ca63981b5_20151212010534.1280x720at2400_vp8.webm,14646
21,add a new vector graphic to design,51.02,63.73,https://images-tv.adobe.com/avp/vr/b3750ea0-c30d-4b5d-b762-db043c5f3f91/721bd683-0ff0-4635-bb0e-664c32921f06/8d186f1e-7567-42ff-90a8-3e4ca63981b5_20151212010534.1280x720at2400_vp8.webm,14646
22,change color of vector graphic,64.38,78.94,https://images-tv.adobe.com/avp/vr/b3750ea0-c30d-4b5d-b762-db043c5f3f91/721bd683-0ff0-4635-bb0e-664c32921f06/8d186f1e-7567-42ff-90a8-3e4ca63981b5_20151212010534.1280x720at2400_vp8.webm,14646
23,edit vector graphic,84.23,97.96,https://images-tv.adobe.com/avp/vr/b3750ea0-c30d-4b5d-b762-db043c5f3f91/721bd683-0ff0-4635-bb0e-664c32921f06/8d186f1e-7567-42ff-90a8-3e4ca63981b5_20151212010534.1280x720at2400_vp8.webm,14646
24,change size of vector graphic,99.05,121.67,https://images-tv.adobe.com/avp/vr/b3750ea0-c30d-4b5d-b762-db043c5f3f91/721bd683-0ff0-4635-bb0e-664c32921f06/8d186f1e-7567-42ff-90a8-3e4ca63981b5_20151212010534.1280x720at2400_vp8.webm,14646
25,duplicate vector graphic,122.53,135.32,https://images-tv.adobe.com/avp/vr/b3750ea0-c30d-4b5d-b762-db043c5f3f91/721bd683-0ff0-4635-bb0e-664c32921f06/8d186f1e-7567-42ff-90a8-3e4ca63981b5_20151212010534.1280x720at2400_vp8.webm,14646
26,add a pr-existing vector graphic,146.1,179.469999,https://images-tv.adobe.com/avp/vr/b3750ea0-c30d-4b5d-b762-db043c5f3f91/721bd683-0ff0-4635-bb0e-664c32921f06/8d186f1e-7567-42ff-90a8-3e4ca63981b5_20151212010534.1280x720at2400_vp8.webm,14646
27,group content,215.359999,246.79,https://images-tv.adobe.com/avp/vr/b3750ea0-c30d-4b5d-b762-db043c5f3f91/721bd683-0ff0-4635-bb0e-664c32921f06/8d186f1e-7567-42ff-90a8-3e4ca63981b5_20151212010534.1280x720at2400_vp8.webm,14646
28,add a layer mask,40.47,84.05,https://images-tv.adobe.com/avp/vr/b3750ea0-c30d-4b5d-b762-db043c5f3f91/8cf097fc-e098-47c1-b5ae-d049383f6a98/da44e170-58e8-42c1-9538-bc3667aa09e4_20151212122732.1280x720at2400_vp8.webm,14647
29,add a layer mask,129.16,156.39,https://images-tv.adobe.com/avp/vr/b3750ea0-c30d-4b5d-b762-db043c5f3f91/8cf097fc-e098-47c1-b5ae-d049383f6a98/da44e170-58e8-42c1-9538-bc3667aa09e4_20151212122732.1280x720at2400_vp8.webm,14647
30,resize brush,157.12,168.06,https://images-tv.adobe.com/avp/vr/b3750ea0-c30d-4b5d-b762-db043c5f3f91/8cf097fc-e098-47c1-b5ae-d049383f6a98/da44e170-58e8-42c1-9538-bc3667aa09e4_20151212122732.1280x720at2400_vp8.webm,14647
31,unmask image,210.429999,219.54,https://images-tv.adobe.com/avp/vr/b3750ea0-c30d-4b5d-b762-db043c5f3f91/8cf097fc-e098-47c1-b5ae-d049383f6a98/da44e170-58e8-42c1-9538-bc3667aa09e4_20151212122732.1280x720at2400_vp8.webm,14647
32,add a gradient,228.429999,256.39,https://images-tv.adobe.com/avp/vr/b3750ea0-c30d-4b5d-b762-db043c5f3f91/8cf097fc-e098-47c1-b5ae-d049383f6a98/da44e170-58e8-42c1-9538-bc3667aa09e4_20151212122732.1280x720at2400_vp8.webm,14647
33,crop an image,57.21,81.97,https://images-tv.adobe.com/avp/vr/462e2631-03ef-4b5e-a360-163c1cce9d1e/3e32511b-295c-4ca5-9174-cc6d5cb4e8e9/57f30cee-9c24-4df0-9e57-f67d39a1857b_20170222022322.1280x720at2400_vp8.webm,14659
34,constrain the crop to a certain ratio,83.03,103.89,https://images-tv.adobe.com/avp/vr/462e2631-03ef-4b5e-a360-163c1cce9d1e/3e32511b-295c-4ca5-9174-cc6d5cb4e8e9/57f30cee-9c24-4df0-9e57-f67d39a1857b_20170222022322.1280x720at2400_vp8.webm,14659
35,crop an image to a particular dimension,105.12,122.679999,https://images-tv.adobe.com/avp/vr/462e2631-03ef-4b5e-a360-163c1cce9d1e/3e32511b-295c-4ca5-9174-cc6d5cb4e8e9/57f30cee-9c24-4df0-9e57-f67d39a1857b_20170222022322.1280x720at2400_vp8.webm,14659
36,straighten an image,123.75,141.859999,https://images-tv.adobe.com/avp/vr/462e2631-03ef-4b5e-a360-163c1cce9d1e/3e32511b-295c-4ca5-9174-cc6d5cb4e8e9/57f30cee-9c24-4df0-9e57-f67d39a1857b_20170222022322.1280x720at2400_vp8.webm,14659
37,hide cropped pixels,142.709999,161.539999,https://images-tv.adobe.com/avp/vr/462e2631-03ef-4b5e-a360-163c1cce9d1e/3e32511b-295c-4ca5-9174-cc6d5cb4e8e9/57f30cee-9c24-4df0-9e57-f67d39a1857b_20170222022322.1280x720at2400_vp8.webm,14659
38,save image in photoshop format,169.64,184.11,https://images-tv.adobe.com/avp/vr/462e2631-03ef-4b5e-a360-163c1cce9d1e/3e32511b-295c-4ca5-9174-cc6d5cb4e8e9/57f30cee-9c24-4df0-9e57-f67d39a1857b_20170222022322.1280x720at2400_vp8.webm,14659
39,add adjustment layer,21.85,54.469999,https://images-tv.adobe.com/avp/vr/b3750ea0-c30d-4b5d-b762-db043c5f3f91/32406bba-2d2d-4e02-97d3-f219761e45bd/2110a8da-c1f4-4076-9675-d2f3ff00fd61_20151214023048.1280x720at2400_vp8.webm,14660
40,edit adjustment,70.559999,98.13,https://images-tv.adobe.com/avp/vr/b3750ea0-c30d-4b5d-b762-db043c5f3f91/32406bba-2d2d-4e02-97d3-f219761e45bd/2110a8da-c1f4-4076-9675-d2f3ff00fd61_20151214023048.1280x720at2400_vp8.webm,14660
41,hide adjustment,123.46,185.14,https://images-tv.adobe.com/avp/vr/b3750ea0-c30d-4b5d-b762-db043c5f3f91/32406bba-2d2d-4e02-97d3-f219761e45bd/2110a8da-c1f4-4076-9675-d2f3ff00fd61_20151214023048.1280x720at2400_vp8.webm,14660
42,compare before and after adjustment,233.539999,249.21,https://images-tv.adobe.com/avp/vr/b3750ea0-c30d-4b5d-b762-db043c5f3f91/32406bba-2d2d-4e02-97d3-f219761e45bd/2110a8da-c1f4-4076-9675-d2f3ff00fd61_20151214023048.1280x720at2400_vp8.webm,14660
43,change color boost of adjustment layer,258.74,270.99,https://images-tv.adobe.com/avp/vr/b3750ea0-c30d-4b5d-b762-db043c5f3f91/32406bba-2d2d-4e02-97d3-f219761e45bd/2110a8da-c1f4-4076-9675-d2f3ff00fd61_20151214023048.1280x720at2400_vp8.webm,14660
44,delete adjustment layer,272.74,286.61,https://images-tv.adobe.com/avp/vr/b3750ea0-c30d-4b5d-b762-db043c5f3f91/32406bba-2d2d-4e02-97d3-f219761e45bd/2110a8da-c1f4-4076-9675-d2f3ff00fd61_20151214023048.1280x720at2400_vp8.webm,14660
45,remove small object from image,52.49,119.41,https://images-tv.adobe.com/avp/vr/b3750ea0-c30d-4b5d-b762-db043c5f3f91/5c360d84-d396-44f4-ae8c-0a469d7fbdf0/45f85075-2e95-42ee-a4fb-cc8bef09c398_20151214031716.1280x720at2400_vp8.webm,14661
46,undo a removal,150.44,166.08,https://images-tv.adobe.com/avp/vr/b3750ea0-c30d-4b5d-b762-db043c5f3f91/5c360d84-d396-44f4-ae8c-0a469d7fbdf0/45f85075-2e95-42ee-a4fb-cc8bef09c398_20151214031716.1280x720at2400_vp8.webm,14661
47,remove large object from image,179.43,243.8,https://images-tv.adobe.com/avp/vr/b3750ea0-c30d-4b5d-b762-db043c5f3f91/5c360d84-d396-44f4-ae8c-0a469d7fbdf0/45f85075-2e95-42ee-a4fb-cc8bef09c398_20151214031716.1280x720at2400_vp8.webm,14661
48,smart object,15.589999,40.21,https://images-tv.adobe.com/avp/vr/b3750ea0-c30d-4b5d-b762-db043c5f3f91/298bd0ee-9c5a-4a23-809c-8c722704d199/1bdcd94f-a7e5-470a-8722-e92378d1554f_20151214030034.1280x720at2400_vp8.webm,14662
49,tilt shift filter,56.73,109.16,https://images-tv.adobe.com/avp/vr/b3750ea0-c30d-4b5d-b762-db043c5f3f91/298bd0ee-9c5a-4a23-809c-8c722704d199/1bdcd94f-a7e5-470a-8722-e92378d1554f_20151214030034.1280x720at2400_vp8.webm,14662
50,hide the filter,119.75,134.4,https://images-tv.adobe.com/avp/vr/b3750ea0-c30d-4b5d-b762-db043c5f3f91/298bd0ee-9c5a-4a23-809c-8c722704d199/1bdcd94f-a7e5-470a-8722-e92378d1554f_20151214030034.1280x720at2400_vp8.webm,14662
51,adjust contrast of an image,159.83,173.94,https://images-tv.adobe.com/avp/vr/b3750ea0-c30d-4b5d-b762-db043c5f3f91/298bd0ee-9c5a-4a23-809c-8c722704d199/1bdcd94f-a7e5-470a-8722-e92378d1554f_20151214030034.1280x720at2400_vp8.webm,14662
52,add artistic color tint,175.389999,203.29,https://images-tv.adobe.com/avp/vr/b3750ea0-c30d-4b5d-b762-db043c5f3f91/298bd0ee-9c5a-4a23-809c-8c722704d199/1bdcd94f-a7e5-470a-8722-e92378d1554f_20151214030034.1280x720at2400_vp8.webm,14662
53,sharpen image,61.91,139.23,https://images-tv.adobe.com/avp/vr/b3750ea0-c30d-4b5d-b762-db043c5f3f91/0b447281-1ff4-41c9-8b93-0f8f7e435e47/7069d310-6e77-43ff-b0b5-bef12c7f0c5f_20151214032339.1280x720at2400_vp8.webm,14663
54,change sharpen filter settings,141.41,169.31,https://images-tv.adobe.com/avp/vr/b3750ea0-c30d-4b5d-b762-db043c5f3f91/0b447281-1ff4-41c9-8b93-0f8f7e435e47/7069d310-6e77-43ff-b0b5-bef12c7f0c5f_20151214032339.1280x720at2400_vp8.webm,14663
55,save image as jpeg,199.98,217.57,https://images-tv.adobe.com/avp/vr/b3750ea0-c30d-4b5d-b762-db043c5f3f91/0b447281-1ff4-41c9-8b93-0f8f7e435e47/7069d310-6e77-43ff-b0b5-bef12c7f0c5f_20151214032339.1280x720at2400_vp8.webm,14663
56,change quality of sharable image,219.42,245.5,https://images-tv.adobe.com/avp/vr/b3750ea0-c30d-4b5d-b762-db043c5f3f91/0b447281-1ff4-41c9-8b93-0f8f7e435e47/7069d310-6e77-43ff-b0b5-bef12c7f0c5f_20151214032339.1280x720at2400_vp8.webm,14663
57,make a new layer,37.23,55.96,https://images-tv.adobe.com/avp/vr/ea49e5f1-d4bc-446e-94b2-f1c1363ecc51/07d2dc67-33c8-4454-bb61-2f8404fa40c2/2552df9f-5f97-4090-b7c5-b5c27f2e061a_20160225115255.1280x720at2400_vp8.webm,14994
58,fill foreground color,85.46,98.81,https://images-tv.adobe.com/avp/vr/ea49e5f1-d4bc-446e-94b2-f1c1363ecc51/07d2dc67-33c8-4454-bb61-2f8404fa40c2/2552df9f-5f97-4090-b7c5-b5c27f2e061a_20160225115255.1280x720at2400_vp8.webm,14994
59,move layer,145.34,160.72,https://images-tv.adobe.com/avp/vr/ea49e5f1-d4bc-446e-94b2-f1c1363ecc51/07d2dc67-33c8-4454-bb61-2f8404fa40c2/2552df9f-5f97-4090-b7c5-b5c27f2e061a_20160225115255.1280x720at2400_vp8.webm,14994
60,add text to layer,165.18,181.48,https://images-tv.adobe.com/avp/vr/ea49e5f1-d4bc-446e-94b2-f1c1363ecc51/07d2dc67-33c8-4454-bb61-2f8404fa40c2/2552df9f-5f97-4090-b7c5-b5c27f2e061a_20160225115255.1280x720at2400_vp8.webm,14994
61,change color of selected font,195.7,212.13,https://images-tv.adobe.com/avp/vr/ea49e5f1-d4bc-446e-94b2-f1c1363ecc51/07d2dc67-33c8-4454-bb61-2f8404fa40c2/2552df9f-5f97-4090-b7c5-b5c27f2e061a_20160225115255.1280x720at2400_vp8.webm,14994
62,save file in Photoshop format,255.6,265.07,https://images-tv.adobe.com/avp/vr/ea49e5f1-d4bc-446e-94b2-f1c1363ecc51/07d2dc67-33c8-4454-bb61-2f8404fa40c2/2552df9f-5f97-4090-b7c5-b5c27f2e061a_20160225115255.1280x720at2400_vp8.webm,14994
63,find images for use,33.65,54.25,https://images-tv.adobe.com/avp/vr/ea49e5f1-d4bc-446e-94b2-f1c1363ecc51/e88ced8c-6367-4405-9027-c1887b6d3ea1/dfb7bb31-8abf-49c5-8c39-d67d1bf18a04_20160225115431.1280x720at2400_vp8.webm,14995
64,blur photo,61.37,90.03,https://images-tv.adobe.com/avp/vr/ea49e5f1-d4bc-446e-94b2-f1c1363ecc51/e88ced8c-6367-4405-9027-c1887b6d3ea1/dfb7bb31-8abf-49c5-8c39-d67d1bf18a04_20160225115431.1280x720at2400_vp8.webm,14995
65,create a translucent circle,100.7,183.2,https://images-tv.adobe.com/avp/vr/ea49e5f1-d4bc-446e-94b2-f1c1363ecc51/e88ced8c-6367-4405-9027-c1887b6d3ea1/dfb7bb31-8abf-49c5-8c39-d67d1bf18a04_20160225115431.1280x720at2400_vp8.webm,14995
66,add text to design,186.18,212.19,https://images-tv.adobe.com/avp/vr/ea49e5f1-d4bc-446e-94b2-f1c1363ecc51/e88ced8c-6367-4405-9027-c1887b6d3ea1/dfb7bb31-8abf-49c5-8c39-d67d1bf18a04_20160225115431.1280x720at2400_vp8.webm,14995
67,export image,264.11,279.66,https://images-tv.adobe.com/avp/vr/ea49e5f1-d4bc-446e-94b2-f1c1363ecc51/e88ced8c-6367-4405-9027-c1887b6d3ea1/dfb7bb31-8abf-49c5-8c39-d67d1bf18a04_20160225115431.1280x720at2400_vp8.webm,14995
68,use template file,17.18,27.69,https://images-tv.adobe.com/avp/vr/ea49e5f1-d4bc-446e-94b2-f1c1363ecc51/2252ccaa-7e8e-449d-a5af-a1c841c0d1c4/ab32f3e8-5eca-47ef-902c-d77559afb898_20160225115423.1280x720at2400_vp8.webm,14996
69,create a shape,49.32,77.42,https://images-tv.adobe.com/avp/vr/ea49e5f1-d4bc-446e-94b2-f1c1363ecc51/2252ccaa-7e8e-449d-a5af-a1c841c0d1c4/ab32f3e8-5eca-47ef-902c-d77559afb898_20160225115423.1280x720at2400_vp8.webm,14996
70,change color of a shape,95.23,105.38,https://images-tv.adobe.com/avp/vr/ea49e5f1-d4bc-446e-94b2-f1c1363ecc51/2252ccaa-7e8e-449d-a5af-a1c841c0d1c4/ab32f3e8-5eca-47ef-902c-d77559afb898_20160225115423.1280x720at2400_vp8.webm,14996
71,add a layer style,128.02,148.75,https://images-tv.adobe.com/avp/vr/ea49e5f1-d4bc-446e-94b2-f1c1363ecc51/2252ccaa-7e8e-449d-a5af-a1c841c0d1c4/ab32f3e8-5eca-47ef-902c-d77559afb898_20160225115423.1280x720at2400_vp8.webm,14996
72,resize a layer,192.65,226.64,https://images-tv.adobe.com/avp/vr/ea49e5f1-d4bc-446e-94b2-f1c1363ecc51/2252ccaa-7e8e-449d-a5af-a1c841c0d1c4/ab32f3e8-5eca-47ef-902c-d77559afb898_20160225115423.1280x720at2400_vp8.webm,14996
73,export file as another copy in image format,257.43,278.83,https://images-tv.adobe.com/avp/vr/ea49e5f1-d4bc-446e-94b2-f1c1363ecc51/2252ccaa-7e8e-449d-a5af-a1c841c0d1c4/ab32f3e8-5eca-47ef-902c-d77559afb898_20160225115423.1280x720at2400_vp8.webm,14996
74,create an artboard,63.52,80.76,https://images-tv.adobe.com/avp/vr/ea49e5f1-d4bc-446e-94b2-f1c1363ecc51/45de8345-7cc5-46cf-b32b-b9643e20c489/351d4796-006c-49e9-8c73-56d3b96095d7_20160318022822.1280x720at2400_vp8.webm,15261
75,add text to an image,81.45,101.42,https://images-tv.adobe.com/avp/vr/ea49e5f1-d4bc-446e-94b2-f1c1363ecc51/45de8345-7cc5-46cf-b32b-b9643e20c489/351d4796-006c-49e9-8c73-56d3b96095d7_20160318022822.1280x720at2400_vp8.webm,15261
76,change color of text,123.589999,134.01,https://images-tv.adobe.com/avp/vr/ea49e5f1-d4bc-446e-94b2-f1c1363ecc51/45de8345-7cc5-46cf-b32b-b9643e20c489/351d4796-006c-49e9-8c73-56d3b96095d7_20160318022822.1280x720at2400_vp8.webm,15261
77,move text into the design,134.63,144.299999,https://images-tv.adobe.com/avp/vr/ea49e5f1-d4bc-446e-94b2-f1c1363ecc51/45de8345-7cc5-46cf-b32b-b9643e20c489/351d4796-006c-49e9-8c73-56d3b96095d7_20160318022822.1280x720at2400_vp8.webm,15261
78,make another version of image,145.18,163.53,https://images-tv.adobe.com/avp/vr/ea49e5f1-d4bc-446e-94b2-f1c1363ecc51/45de8345-7cc5-46cf-b32b-b9643e20c489/351d4796-006c-49e9-8c73-56d3b96095d7_20160318022822.1280x720at2400_vp8.webm,15261
79,delete image on artboard,169.84,182.12,https://images-tv.adobe.com/avp/vr/ea49e5f1-d4bc-446e-94b2-f1c1363ecc51/45de8345-7cc5-46cf-b32b-b9643e20c489/351d4796-006c-49e9-8c73-56d3b96095d7_20160318022822.1280x720at2400_vp8.webm,15261
80,place another image on artboard,183.43,198.6,https://images-tv.adobe.com/avp/vr/ea49e5f1-d4bc-446e-94b2-f1c1363ecc51/45de8345-7cc5-46cf-b32b-b9643e20c489/351d4796-006c-49e9-8c73-56d3b96095d7_20160318022822.1280x720at2400_vp8.webm,15261
81,change color of text based on sample,217.45,264.09,https://images-tv.adobe.com/avp/vr/ea49e5f1-d4bc-446e-94b2-f1c1363ecc51/45de8345-7cc5-46cf-b32b-b9643e20c489/351d4796-006c-49e9-8c73-56d3b96095d7_20160318022822.1280x720at2400_vp8.webm,15261
82,save sampled color,232.85,257.65,https://images-tv.adobe.com/avp/vr/ea49e5f1-d4bc-446e-94b2-f1c1363ecc51/45de8345-7cc5-46cf-b32b-b9643e20c489/351d4796-006c-49e9-8c73-56d3b96095d7_20160318022822.1280x720at2400_vp8.webm,15261
83,save a project,298.65,307.9,https://images-tv.adobe.com/avp/vr/ea49e5f1-d4bc-446e-94b2-f1c1363ecc51/45de8345-7cc5-46cf-b32b-b9643e20c489/351d4796-006c-49e9-8c73-56d3b96095d7_20160318022822.1280x720at2400_vp8.webm,15261
84,export a file,308.97,329.19,https://images-tv.adobe.com/avp/vr/ea49e5f1-d4bc-446e-94b2-f1c1363ecc51/45de8345-7cc5-46cf-b32b-b9643e20c489/351d4796-006c-49e9-8c73-56d3b96095d7_20160318022822.1280x720at2400_vp8.webm,15261
85,open multiple images,25.4,36.71,https://images-tv.adobe.com/avp/vr/ea49e5f1-d4bc-446e-94b2-f1c1363ecc51/7f072d43-8a5a-49f4-a4ed-1c30d0a5a6e2/d307725d-fe16-442e-8484-eb7397f29c11_20160318022809.1280x720at2400_vp8.webm,15262
86,improve image appearance with adjustments,55.36,72.93,https://images-tv.adobe.com/avp/vr/ea49e5f1-d4bc-446e-94b2-f1c1363ecc51/7f072d43-8a5a-49f4-a4ed-1c30d0a5a6e2/d307725d-fe16-442e-8484-eb7397f29c11_20160318022809.1280x720at2400_vp8.webm,15262
87,make image brighter,55.36,109.46,https://images-tv.adobe.com/avp/vr/ea49e5f1-d4bc-446e-94b2-f1c1363ecc51/7f072d43-8a5a-49f4-a4ed-1c30d0a5a6e2/d307725d-fe16-442e-8484-eb7397f29c11_20160318022809.1280x720at2400_vp8.webm,15262
88,add hue saturation ,119.349999,150.06,https://images-tv.adobe.com/avp/vr/ea49e5f1-d4bc-446e-94b2-f1c1363ecc51/7f072d43-8a5a-49f4-a4ed-1c30d0a5a6e2/d307725d-fe16-442e-8484-eb7397f29c11_20160318022809.1280x720at2400_vp8.webm,15262
89,copy adjustments,156.679999,217.28,https://images-tv.adobe.com/avp/vr/ea49e5f1-d4bc-446e-94b2-f1c1363ecc51/7f072d43-8a5a-49f4-a4ed-1c30d0a5a6e2/d307725d-fe16-442e-8484-eb7397f29c11_20160318022809.1280x720at2400_vp8.webm,15262
90,edit brightness contrast,228.849999,242.15,https://images-tv.adobe.com/avp/vr/ea49e5f1-d4bc-446e-94b2-f1c1363ecc51/7f072d43-8a5a-49f4-a4ed-1c30d0a5a6e2/d307725d-fe16-442e-8484-eb7397f29c11_20160318022809.1280x720at2400_vp8.webm,15262
91,put images into a single window,243.05,252.49,https://images-tv.adobe.com/avp/vr/ea49e5f1-d4bc-446e-94b2-f1c1363ecc51/7f072d43-8a5a-49f4-a4ed-1c30d0a5a6e2/d307725d-fe16-442e-8484-eb7397f29c11_20160318022809.1280x720at2400_vp8.webm,15262
92,fix smudge in image,272.65,292.06,https://images-tv.adobe.com/avp/vr/ea49e5f1-d4bc-446e-94b2-f1c1363ecc51/7f072d43-8a5a-49f4-a4ed-1c30d0a5a6e2/d307725d-fe16-442e-8484-eb7397f29c11_20160318022809.1280x720at2400_vp8.webm,15262
93,add text to image,11.259999,54.6,https://images-tv.adobe.com/avp/vr/e0951ba2-b5b3-4ac7-a00d-14abbeafa072/21c6d686-bba4-4c8c-85e3-127a643452b1/83c9a81b-5e96-456b-8ca7-1d2be3c9fadf_20160516024816.1280x720at2400_vp8.webm,15567
94,add horizontal text,26.75,31.31,https://images-tv.adobe.com/avp/vr/e0951ba2-b5b3-4ac7-a00d-14abbeafa072/21c6d686-bba4-4c8c-85e3-127a643452b1/83c9a81b-5e96-456b-8ca7-1d2be3c9fadf_20160516024816.1280x720at2400_vp8.webm,15567
95,change font size,47.4,54.6,https://images-tv.adobe.com/avp/vr/e0951ba2-b5b3-4ac7-a00d-14abbeafa072/21c6d686-bba4-4c8c-85e3-127a643452b1/83c9a81b-5e96-456b-8ca7-1d2be3c9fadf_20160516024816.1280x720at2400_vp8.webm,15567
96,move text,74.2,90.009999,https://images-tv.adobe.com/avp/vr/e0951ba2-b5b3-4ac7-a00d-14abbeafa072/21c6d686-bba4-4c8c-85e3-127a643452b1/83c9a81b-5e96-456b-8ca7-1d2be3c9fadf_20160516024816.1280x720at2400_vp8.webm,15567
97,add text in a certain area,100.179999,119.2,https://images-tv.adobe.com/avp/vr/e0951ba2-b5b3-4ac7-a00d-14abbeafa072/21c6d686-bba4-4c8c-85e3-127a643452b1/83c9a81b-5e96-456b-8ca7-1d2be3c9fadf_20160516024816.1280x720at2400_vp8.webm,15567
98,wrap text on two lines,123.86,130.808,https://images-tv.adobe.com/avp/vr/e0951ba2-b5b3-4ac7-a00d-14abbeafa072/21c6d686-bba4-4c8c-85e3-127a643452b1/83c9a81b-5e96-456b-8ca7-1d2be3c9fadf_20160516024816.1280x720at2400_vp8.webm,15567
99,change how text looks,154.26,176.23,https://images-tv.adobe.com/avp/vr/e0951ba2-b5b3-4ac7-a00d-14abbeafa072/21c6d686-bba4-4c8c-85e3-127a643452b1/83c9a81b-5e96-456b-8ca7-1d2be3c9fadf_20160516024816.1280x720at2400_vp8.webm,15567
100,how to select text,191.429999,217.52,https://images-tv.adobe.com/avp/vr/e0951ba2-b5b3-4ac7-a00d-14abbeafa072/21c6d686-bba4-4c8c-85e3-127a643452b1/83c9a81b-5e96-456b-8ca7-1d2be3c9fadf_20160516024816.1280x720at2400_vp8.webm,15567
101,how to change font type,38.249999,57.34,https://images-tv.adobe.com/avp/vr/e0951ba2-b5b3-4ac7-a00d-14abbeafa072/83d1c9c0-af28-4e76-9d96-b71f3fb40d60/9875215a-efee-4bc4-b9f7-5395cbd665af_20160516025127.1280x720at2400_vp8.webm,15569
102,change text to uppercase letters,65.719999,71.989999,https://images-tv.adobe.com/avp/vr/e0951ba2-b5b3-4ac7-a00d-14abbeafa072/83d1c9c0-af28-4e76-9d96-b71f3fb40d60/9875215a-efee-4bc4-b9f7-5395cbd665af_20160516025127.1280x720at2400_vp8.webm,15569
103,add more space between characters,77.21,94.59,https://images-tv.adobe.com/avp/vr/e0951ba2-b5b3-4ac7-a00d-14abbeafa072/83d1c9c0-af28-4e76-9d96-b71f3fb40d60/9875215a-efee-4bc4-b9f7-5395cbd665af_20160516025127.1280x720at2400_vp8.webm,15569
104,add more space between the lines of text,95.85,107.649999,https://images-tv.adobe.com/avp/vr/e0951ba2-b5b3-4ac7-a00d-14abbeafa072/83d1c9c0-af28-4e76-9d96-b71f3fb40d60/9875215a-efee-4bc4-b9f7-5395cbd665af_20160516025127.1280x720at2400_vp8.webm,15569
105,customize characters with Glyphs,137.13,176.36,https://images-tv.adobe.com/avp/vr/e0951ba2-b5b3-4ac7-a00d-14abbeafa072/83d1c9c0-af28-4e76-9d96-b71f3fb40d60/9875215a-efee-4bc4-b9f7-5395cbd665af_20160516025127.1280x720at2400_vp8.webm,15569
106,how to work with Glyphs,181.81,200.19,https://images-tv.adobe.com/avp/vr/e0951ba2-b5b3-4ac7-a00d-14abbeafa072/83d1c9c0-af28-4e76-9d96-b71f3fb40d60/9875215a-efee-4bc4-b9f7-5395cbd665af_20160516025127.1280x720at2400_vp8.webm,15569
107,identify font from image,47.73,99.59,https://images-tv.adobe.com/avp/vr/e0951ba2-b5b3-4ac7-a00d-14abbeafa072/464f00fa-38f2-499f-b3ed-fed6fbdee0e5/6b781d19-f8d3-47ca-9798-ede857105b9c_20160516025048.1280x720at2400_vp8.webm,15570
108,find a similar font,122.11,143.17,https://images-tv.adobe.com/avp/vr/e0951ba2-b5b3-4ac7-a00d-14abbeafa072/464f00fa-38f2-499f-b3ed-fed6fbdee0e5/6b781d19-f8d3-47ca-9798-ede857105b9c_20160516025048.1280x720at2400_vp8.webm,15570
109,create a composite,18.23,44.9,https://images-tv.adobe.com/avp/vr/ea49e5f1-d4bc-446e-94b2-f1c1363ecc51/e13b836e-923a-4171-acb9-925913d66ba2/9d0dcc98-c68a-48b1-9e26-668b6aa878be_20160608015455.1280x720at2400_vp8.webm,15687
110,see two layers at the same time,52.219999,81.31,https://images-tv.adobe.com/avp/vr/ea49e5f1-d4bc-446e-94b2-f1c1363ecc51/e13b836e-923a-4171-acb9-925913d66ba2/9d0dcc98-c68a-48b1-9e26-668b6aa878be_20160608015455.1280x720at2400_vp8.webm,15687
111,hide and blend the part of a layer,82.46,135.87,https://images-tv.adobe.com/avp/vr/ea49e5f1-d4bc-446e-94b2-f1c1363ecc51/e13b836e-923a-4171-acb9-925913d66ba2/9d0dcc98-c68a-48b1-9e26-668b6aa878be_20160608015455.1280x720at2400_vp8.webm,15687
112,add an image to a layer,173.27,199.85,https://images-tv.adobe.com/avp/vr/ea49e5f1-d4bc-446e-94b2-f1c1363ecc51/e13b836e-923a-4171-acb9-925913d66ba2/9d0dcc98-c68a-48b1-9e26-668b6aa878be_20160608015455.1280x720at2400_vp8.webm,15687
113,scale an image smaller,210.67,231.709999,https://images-tv.adobe.com/avp/vr/ea49e5f1-d4bc-446e-94b2-f1c1363ecc51/e13b836e-923a-4171-acb9-925913d66ba2/9d0dcc98-c68a-48b1-9e26-668b6aa878be_20160608015455.1280x720at2400_vp8.webm,15687
114,apply prospective transformation,242.52,272.86,https://images-tv.adobe.com/avp/vr/ea49e5f1-d4bc-446e-94b2-f1c1363ecc51/e13b836e-923a-4171-acb9-925913d66ba2/9d0dcc98-c68a-48b1-9e26-668b6aa878be_20160608015455.1280x720at2400_vp8.webm,15687
115,hide part of image using layer mask,279.54,296.739999,https://images-tv.adobe.com/avp/vr/ea49e5f1-d4bc-446e-94b2-f1c1363ecc51/e13b836e-923a-4171-acb9-925913d66ba2/9d0dcc98-c68a-48b1-9e26-668b6aa878be_20160608015455.1280x720at2400_vp8.webm,15687
116,make image see-through,15.799999,32.19,https://images-tv.adobe.com/avp/vr/ea49e5f1-d4bc-446e-94b2-f1c1363ecc51/448dd6c0-4f82-407f-b704-2c6ee27d1788/008aef14-ff2e-442d-b9f4-90ab3ec9c64d_20160608015938.1280x720at2400_vp8.webm,15688
117,hide part of an image,48.19,108.289999,https://images-tv.adobe.com/avp/vr/ea49e5f1-d4bc-446e-94b2-f1c1363ecc51/448dd6c0-4f82-407f-b704-2c6ee27d1788/008aef14-ff2e-442d-b9f4-90ab3ec9c64d_20160608015938.1280x720at2400_vp8.webm,15688
118,hide an object in an image,111.37,227.899999,https://images-tv.adobe.com/avp/vr/ea49e5f1-d4bc-446e-94b2-f1c1363ecc51/448dd6c0-4f82-407f-b704-2c6ee27d1788/008aef14-ff2e-442d-b9f4-90ab3ec9c64d_20160608015938.1280x720at2400_vp8.webm,15688
119,use the rectangular marquee tool,111.37,147.77,https://images-tv.adobe.com/avp/vr/ea49e5f1-d4bc-446e-94b2-f1c1363ecc51/448dd6c0-4f82-407f-b704-2c6ee27d1788/008aef14-ff2e-442d-b9f4-90ab3ec9c64d_20160608015938.1280x720at2400_vp8.webm,15688
120,add to current selection,148.88,192.03,https://images-tv.adobe.com/avp/vr/ea49e5f1-d4bc-446e-94b2-f1c1363ecc51/448dd6c0-4f82-407f-b704-2c6ee27d1788/008aef14-ff2e-442d-b9f4-90ab3ec9c64d_20160608015938.1280x720at2400_vp8.webm,15688
121,add to current selection,195.219999,216.7,https://images-tv.adobe.com/avp/vr/ea49e5f1-d4bc-446e-94b2-f1c1363ecc51/448dd6c0-4f82-407f-b704-2c6ee27d1788/008aef14-ff2e-442d-b9f4-90ab3ec9c64d_20160608015938.1280x720at2400_vp8.webm,15688
122,mask out part of an image,229.29,271.45,https://images-tv.adobe.com/avp/vr/ea49e5f1-d4bc-446e-94b2-f1c1363ecc51/448dd6c0-4f82-407f-b704-2c6ee27d1788/008aef14-ff2e-442d-b9f4-90ab3ec9c64d_20160608015938.1280x720at2400_vp8.webm,15688
123,add depth to an image,17.35,105.36,https://images-tv.adobe.com/avp/vr/ea49e5f1-d4bc-446e-94b2-f1c1363ecc51/10a48d73-9d09-4148-8c8c-34f5d740e61a/dbd9a0ca-83d7-460d-a189-8d41640c67be_20160608015928.1280x720at2400_vp8.webm,15689
124,blend layers,45.16,105.36,https://images-tv.adobe.com/avp/vr/ea49e5f1-d4bc-446e-94b2-f1c1363ecc51/10a48d73-9d09-4148-8c8c-34f5d740e61a/dbd9a0ca-83d7-460d-a189-8d41640c67be_20160608015928.1280x720at2400_vp8.webm,15689
125,soften an image,173.67,191.47,https://images-tv.adobe.com/avp/vr/ea49e5f1-d4bc-446e-94b2-f1c1363ecc51/10a48d73-9d09-4148-8c8c-34f5d740e61a/dbd9a0ca-83d7-460d-a189-8d41640c67be_20160608015928.1280x720at2400_vp8.webm,15689
126,add an image to another image,193.49,206.58,https://images-tv.adobe.com/avp/vr/ea49e5f1-d4bc-446e-94b2-f1c1363ecc51/10a48d73-9d09-4148-8c8c-34f5d740e61a/dbd9a0ca-83d7-460d-a189-8d41640c67be_20160608015928.1280x720at2400_vp8.webm,15689
127,blend images together,214.84,232.71,https://images-tv.adobe.com/avp/vr/ea49e5f1-d4bc-446e-94b2-f1c1363ecc51/10a48d73-9d09-4148-8c8c-34f5d740e61a/dbd9a0ca-83d7-460d-a189-8d41640c67be_20160608015928.1280x720at2400_vp8.webm,15689
128,scale a layer smaller,234.01,266.78,https://images-tv.adobe.com/avp/vr/ea49e5f1-d4bc-446e-94b2-f1c1363ecc51/10a48d73-9d09-4148-8c8c-34f5d740e61a/dbd9a0ca-83d7-460d-a189-8d41640c67be_20160608015928.1280x720at2400_vp8.webm,15689
129,sample colors from image,11.04,33.91,https://images-tv.adobe.com/avp/vr/ea49e5f1-d4bc-446e-94b2-f1c1363ecc51/36e5ce17-6149-4a27-8b75-a43800e316f3/af4028eb-7298-4cd2-8f9f-41c18042e277_20160608015925.1280x720at2400_vp8.webm,15690
130,apply a sampled color,34.629999,61.15,https://images-tv.adobe.com/avp/vr/ea49e5f1-d4bc-446e-94b2-f1c1363ecc51/36e5ce17-6149-4a27-8b75-a43800e316f3/af4028eb-7298-4cd2-8f9f-41c18042e277_20160608015925.1280x720at2400_vp8.webm,15690
131,blend colors from different layers,66.14,77.64,https://images-tv.adobe.com/avp/vr/ea49e5f1-d4bc-446e-94b2-f1c1363ecc51/36e5ce17-6149-4a27-8b75-a43800e316f3/af4028eb-7298-4cd2-8f9f-41c18042e277_20160608015925.1280x720at2400_vp8.webm,15690
132,apply color fill to only one layer,84.3,110.37,https://images-tv.adobe.com/avp/vr/ea49e5f1-d4bc-446e-94b2-f1c1363ecc51/36e5ce17-6149-4a27-8b75-a43800e316f3/af4028eb-7298-4cd2-8f9f-41c18042e277_20160608015925.1280x720at2400_vp8.webm,15690
133,get more saturated version of a color,141.299999,160.61,https://images-tv.adobe.com/avp/vr/ea49e5f1-d4bc-446e-94b2-f1c1363ecc51/36e5ce17-6149-4a27-8b75-a43800e316f3/af4028eb-7298-4cd2-8f9f-41c18042e277_20160608015925.1280x720at2400_vp8.webm,15690
134,add a gradient to an image,190.88,234.649999,https://images-tv.adobe.com/avp/vr/ea49e5f1-d4bc-446e-94b2-f1c1363ecc51/36e5ce17-6149-4a27-8b75-a43800e316f3/af4028eb-7298-4cd2-8f9f-41c18042e277_20160608015925.1280x720at2400_vp8.webm,15690
135,blend color to an image below,238.71,270.409999,https://images-tv.adobe.com/avp/vr/ea49e5f1-d4bc-446e-94b2-f1c1363ecc51/36e5ce17-6149-4a27-8b75-a43800e316f3/af4028eb-7298-4cd2-8f9f-41c18042e277_20160608015925.1280x720at2400_vp8.webm,15690
136,add more contrast to an image,271.959999,298.48,https://images-tv.adobe.com/avp/vr/ea49e5f1-d4bc-446e-94b2-f1c1363ecc51/36e5ce17-6149-4a27-8b75-a43800e316f3/af4028eb-7298-4cd2-8f9f-41c18042e277_20160608015925.1280x720at2400_vp8.webm,15690
137,blend two images together,19.659999,50.13,https://images-tv.adobe.com/avp/vr/ea49e5f1-d4bc-446e-94b2-f1c1363ecc51/981af14e-2d40-4010-b8fd-6c2c54c1a2c4/33aa0277-bd84-4198-8fa8-fe713b2baf2c_20160608015934.1280x720at2400_vp8.webm,15691
138,only show part of an image,51.98,140.22,https://images-tv.adobe.com/avp/vr/ea49e5f1-d4bc-446e-94b2-f1c1363ecc51/981af14e-2d40-4010-b8fd-6c2c54c1a2c4/33aa0277-bd84-4198-8fa8-fe713b2baf2c_20160608015934.1280x720at2400_vp8.webm,15691
139,add an image to another,157.24,171.39,https://images-tv.adobe.com/avp/vr/ea49e5f1-d4bc-446e-94b2-f1c1363ecc51/981af14e-2d40-4010-b8fd-6c2c54c1a2c4/33aa0277-bd84-4198-8fa8-fe713b2baf2c_20160608015934.1280x720at2400_vp8.webm,15691
140,hide area around part of an image,172.23,269.609999,https://images-tv.adobe.com/avp/vr/ea49e5f1-d4bc-446e-94b2-f1c1363ecc51/981af14e-2d40-4010-b8fd-6c2c54c1a2c4/33aa0277-bd84-4198-8fa8-fe713b2baf2c_20160608015934.1280x720at2400_vp8.webm,15691
141,use blend if sliders,180.359999,240.9,https://images-tv.adobe.com/avp/vr/ea49e5f1-d4bc-446e-94b2-f1c1363ecc51/981af14e-2d40-4010-b8fd-6c2c54c1a2c4/33aa0277-bd84-4198-8fa8-fe713b2baf2c_20160608015934.1280x720at2400_vp8.webm,15691
142,handle minor touchups,270.629999,289.74,https://images-tv.adobe.com/avp/vr/ea49e5f1-d4bc-446e-94b2-f1c1363ecc51/981af14e-2d40-4010-b8fd-6c2c54c1a2c4/33aa0277-bd84-4198-8fa8-fe713b2baf2c_20160608015934.1280x720at2400_vp8.webm,15691
143,select an object in an image,15.71,63.81,https://images-tv.adobe.com/avp/vr/5edfa3fc-6c57-4914-b206-45e26102a12e/de07b5ab-d64b-4d47-a448-2be9b3d163b2/7e08f942-0004-4490-aed5-30d44612b1a9_20160614064442.1280x720at2400_vp8.webm,15722
144,chage view of selection,79.41,91.19,https://images-tv.adobe.com/avp/vr/5edfa3fc-6c57-4914-b206-45e26102a12e/de07b5ab-d64b-4d47-a448-2be9b3d163b2/7e08f942-0004-4490-aed5-30d44612b1a9_20160614064442.1280x720at2400_vp8.webm,15722
145,add or take away from a mask,83.15,105.91,https://images-tv.adobe.com/avp/vr/5edfa3fc-6c57-4914-b206-45e26102a12e/de07b5ab-d64b-4d47-a448-2be9b3d163b2/7e08f942-0004-4490-aed5-30d44612b1a9_20160614064442.1280x720at2400_vp8.webm,15722
146,refine objects to match color of attached area,114.76,163.28,https://images-tv.adobe.com/avp/vr/5edfa3fc-6c57-4914-b206-45e26102a12e/de07b5ab-d64b-4d47-a448-2be9b3d163b2/7e08f942-0004-4490-aed5-30d44612b1a9_20160614064442.1280x720at2400_vp8.webm,15722
147,match a font from an image,40.46,87.43,https://images-tv.adobe.com/avp/vr/e0951ba2-b5b3-4ac7-a00d-14abbeafa072/f21b9e77-1084-4708-b342-c07d1a2590ed/a222df58-5531-4f5e-91d4-3b640cd57e30_20160615033915.1280x720at2400_vp8.webm,15724
148,add text to an image,89.23,97.64,https://images-tv.adobe.com/avp/vr/e0951ba2-b5b3-4ac7-a00d-14abbeafa072/f21b9e77-1084-4708-b342-c07d1a2590ed/a222df58-5531-4f5e-91d4-3b640cd57e30_20160615033915.1280x720at2400_vp8.webm,15724
149,open more than one image in photoshop,20.67,34.14,https://images-tv.adobe.com/avp/vr/462e2631-03ef-4b5e-a360-163c1cce9d1e/63c779d6-536c-49f3-a0b2-03c4e7c82bbb/fd4939aa-e3d3-44c4-b430-a1c19e2003b2_20160928102510.1280x720at2400_vp8.webm,16433
150,align two exposures,44.3,64.919999,https://images-tv.adobe.com/avp/vr/462e2631-03ef-4b5e-a360-163c1cce9d1e/63c779d6-536c-49f3-a0b2-03c4e7c82bbb/fd4939aa-e3d3-44c4-b430-a1c19e2003b2_20160928102510.1280x720at2400_vp8.webm,16433
151,combine two images in order to fix one,65.389999,195.11,https://images-tv.adobe.com/avp/vr/462e2631-03ef-4b5e-a360-163c1cce9d1e/63c779d6-536c-49f3-a0b2-03c4e7c82bbb/fd4939aa-e3d3-44c4-b430-a1c19e2003b2_20160928102510.1280x720at2400_vp8.webm,16433
152,paint out everything except one object,105.21,153.29,https://images-tv.adobe.com/avp/vr/462e2631-03ef-4b5e-a360-163c1cce9d1e/63c779d6-536c-49f3-a0b2-03c4e7c82bbb/fd4939aa-e3d3-44c4-b430-a1c19e2003b2_20160928102510.1280x720at2400_vp8.webm,16433
153,paint out area from topmost image,213.82,233.269999,https://images-tv.adobe.com/avp/vr/462e2631-03ef-4b5e-a360-163c1cce9d1e/63c779d6-536c-49f3-a0b2-03c4e7c82bbb/fd4939aa-e3d3-44c4-b430-a1c19e2003b2_20160928102510.1280x720at2400_vp8.webm,16433
154,add type to text design,64.49,90.36,https://images-tv.adobe.com/avp/vr/08e3c85c-be86-4231-8a13-4111f0f6cc09/0dc240b6-1ed0-49e8-be32-e218e16c1ce6/9d307a1a-5df2-4a98-bdc2-932f93a09216_20161011084314.1280x720at2400_vp8.webm,16497
155,choose glyph alternative,75.68,86,https://images-tv.adobe.com/avp/vr/08e3c85c-be86-4231-8a13-4111f0f6cc09/0dc240b6-1ed0-49e8-be32-e218e16c1ce6/9d307a1a-5df2-4a98-bdc2-932f93a09216_20161011084314.1280x720at2400_vp8.webm,16497
156,save text design,87.009999,127.62,https://images-tv.adobe.com/avp/vr/08e3c85c-be86-4231-8a13-4111f0f6cc09/0dc240b6-1ed0-49e8-be32-e218e16c1ce6/9d307a1a-5df2-4a98-bdc2-932f93a09216_20161011084314.1280x720at2400_vp8.webm,16497
157,share saved assets,129.68,154.99,https://images-tv.adobe.com/avp/vr/08e3c85c-be86-4231-8a13-4111f0f6cc09/0dc240b6-1ed0-49e8-be32-e218e16c1ce6/9d307a1a-5df2-4a98-bdc2-932f93a09216_20161011084314.1280x720at2400_vp8.webm,16497
158,add saved artwork,162.299999,190.03,https://images-tv.adobe.com/avp/vr/08e3c85c-be86-4231-8a13-4111f0f6cc09/0dc240b6-1ed0-49e8-be32-e218e16c1ce6/9d307a1a-5df2-4a98-bdc2-932f93a09216_20161011084314.1280x720at2400_vp8.webm,16497
159,crop artwork down,212.04,227.08,https://images-tv.adobe.com/avp/vr/08e3c85c-be86-4231-8a13-4111f0f6cc09/0dc240b6-1ed0-49e8-be32-e218e16c1ce6/9d307a1a-5df2-4a98-bdc2-932f93a09216_20161011084314.1280x720at2400_vp8.webm,16497
160,make paint strokes on an image,19.93,31.07,https://images-tv.adobe.com/avp/vr/b758b4c4-2a74-41f4-8e67-e2f2eab83c6a/6ad7e30b-3eac-4797-9180-ed519cb49992/9cc6f6ca-ddcd-4d4b-a338-72aa60a3d8c3_20170727010230.1280x720at2400_vp8.webm,19159
161,undo/redo an action,52.859999,67.97,https://images-tv.adobe.com/avp/vr/b758b4c4-2a74-41f4-8e67-e2f2eab83c6a/6ad7e30b-3eac-4797-9180-ed519cb49992/9cc6f6ca-ddcd-4d4b-a338-72aa60a3d8c3_20170727010230.1280x720at2400_vp8.webm,19159
162,undo/redo an action using menu,83.38,97.49,https://images-tv.adobe.com/avp/vr/b758b4c4-2a74-41f4-8e67-e2f2eab83c6a/6ad7e30b-3eac-4797-9180-ed519cb49992/9cc6f6ca-ddcd-4d4b-a338-72aa60a3d8c3_20170727010230.1280x720at2400_vp8.webm,19159
163,undo more than one step,98.099999,119.489999,https://images-tv.adobe.com/avp/vr/b758b4c4-2a74-41f4-8e67-e2f2eab83c6a/6ad7e30b-3eac-4797-9180-ed519cb49992/9cc6f6ca-ddcd-4d4b-a338-72aa60a3d8c3_20170727010230.1280x720at2400_vp8.webm,19159
164,step through time in photoshop,126.279999,154.04,https://images-tv.adobe.com/avp/vr/b758b4c4-2a74-41f4-8e67-e2f2eab83c6a/6ad7e30b-3eac-4797-9180-ed519cb49992/9cc6f6ca-ddcd-4d4b-a338-72aa60a3d8c3_20170727010230.1280x720at2400_vp8.webm,19159
165,make image lighter,170.41,195.929999,https://images-tv.adobe.com/avp/vr/b758b4c4-2a74-41f4-8e67-e2f2eab83c6a/6ad7e30b-3eac-4797-9180-ed519cb49992/9cc6f6ca-ddcd-4d4b-a338-72aa60a3d8c3_20170727010230.1280x720at2400_vp8.webm,19159
166,using the history panel,204.64,273.41,https://images-tv.adobe.com/avp/vr/b758b4c4-2a74-41f4-8e67-e2f2eab83c6a/6ad7e30b-3eac-4797-9180-ed519cb49992/9cc6f6ca-ddcd-4d4b-a338-72aa60a3d8c3_20170727010230.1280x720at2400_vp8.webm,19159
167,using edit menu,273.91,285.31,https://images-tv.adobe.com/avp/vr/b758b4c4-2a74-41f4-8e67-e2f2eab83c6a/6ad7e30b-3eac-4797-9180-ed519cb49992/9cc6f6ca-ddcd-4d4b-a338-72aa60a3d8c3_20170727010230.1280x720at2400_vp8.webm,19159
168,move inset to somehwere else in the image,10.78,25.68,https://images-tv.adobe.com/avp/vr/b758b4c4-2a74-41f4-8e67-e2f2eab83c6a/923c71f7-798b-4c0e-bf87-c33a9eee757f/aa77b035-c83d-4fcf-8682-641e238f83d8_20170727125946.1280x720at2400_vp8.webm,19160
169,save an image,57.64,73.31,https://images-tv.adobe.com/avp/vr/b758b4c4-2a74-41f4-8e67-e2f2eab83c6a/923c71f7-798b-4c0e-bf87-c33a9eee757f/aa77b035-c83d-4fcf-8682-641e238f83d8_20170727125946.1280x720at2400_vp8.webm,19160
170,save a new copy of a design,80.929999,148.93,https://images-tv.adobe.com/avp/vr/b758b4c4-2a74-41f4-8e67-e2f2eab83c6a/923c71f7-798b-4c0e-bf87-c33a9eee757f/aa77b035-c83d-4fcf-8682-641e238f83d8_20170727125946.1280x720at2400_vp8.webm,19160
171,save as a psd / photoshop format,167.79,196.809999,https://images-tv.adobe.com/avp/vr/b758b4c4-2a74-41f4-8e67-e2f2eab83c6a/923c71f7-798b-4c0e-bf87-c33a9eee757f/aa77b035-c83d-4fcf-8682-641e238f83d8_20170727125946.1280x720at2400_vp8.webm,19160
172,save a file to share,209.647,247.69,https://images-tv.adobe.com/avp/vr/b758b4c4-2a74-41f4-8e67-e2f2eab83c6a/923c71f7-798b-4c0e-bf87-c33a9eee757f/aa77b035-c83d-4fcf-8682-641e238f83d8_20170727125946.1280x720at2400_vp8.webm,19160
173,zoom on an image,28.349999,63.499999,https://images-tv.adobe.com/avp/vr/b758b4c4-2a74-41f4-8e67-e2f2eab83c6a/acb032ff-3a80-4467-bf42-3e1a6c08cdf2/11b998a1-439c-44fd-a825-56efb0ed91c4_20170727010326.1280x720at2400_vp8.webm,19161
174,switch between zoom in and out,72.34,104.01,https://images-tv.adobe.com/avp/vr/b758b4c4-2a74-41f4-8e67-e2f2eab83c6a/acb032ff-3a80-4467-bf42-3e1a6c08cdf2/11b998a1-439c-44fd-a825-56efb0ed91c4_20170727010326.1280x720at2400_vp8.webm,19161
175,view the entire image,116.139999,141.78,https://images-tv.adobe.com/avp/vr/b758b4c4-2a74-41f4-8e67-e2f2eab83c6a/acb032ff-3a80-4467-bf42-3e1a6c08cdf2/11b998a1-439c-44fd-a825-56efb0ed91c4_20170727010326.1280x720at2400_vp8.webm,19161
176,move the image in the document window,155.38,187.38,https://images-tv.adobe.com/avp/vr/b758b4c4-2a74-41f4-8e67-e2f2eab83c6a/acb032ff-3a80-4467-bf42-3e1a6c08cdf2/11b998a1-439c-44fd-a825-56efb0ed91c4_20170727010326.1280x720at2400_vp8.webm,19161
177,zoom using the mouse,211.75,234.849999,https://images-tv.adobe.com/avp/vr/b758b4c4-2a74-41f4-8e67-e2f2eab83c6a/acb032ff-3a80-4467-bf42-3e1a6c08cdf2/11b998a1-439c-44fd-a825-56efb0ed91c4_20170727010326.1280x720at2400_vp8.webm,19161
178,shortcut to zoom in,254.98,279.28,https://images-tv.adobe.com/avp/vr/b758b4c4-2a74-41f4-8e67-e2f2eab83c6a/acb032ff-3a80-4467-bf42-3e1a6c08cdf2/11b998a1-439c-44fd-a825-56efb0ed91c4_20170727010326.1280x720at2400_vp8.webm,19161
179,open extra panels,48.94,72.289999,https://images-tv.adobe.com/avp/vr/b758b4c4-2a74-41f4-8e67-e2f2eab83c6a/b82be99a-cde4-4b88-ad5a-df27a6a9e6cf/b4ebd816-a401-4034-a7fd-6fbeafe27b4a_20170727010156.1280x720at2400_vp8.webm,19162
180,use the tools panel,73.18,106.199999,https://images-tv.adobe.com/avp/vr/b758b4c4-2a74-41f4-8e67-e2f2eab83c6a/b82be99a-cde4-4b88-ad5a-df27a6a9e6cf/b4ebd816-a401-4034-a7fd-6fbeafe27b4a_20170727010156.1280x720at2400_vp8.webm,19162
181,use the options bar,118.03,150.15,https://images-tv.adobe.com/avp/vr/b758b4c4-2a74-41f4-8e67-e2f2eab83c6a/b82be99a-cde4-4b88-ad5a-df27a6a9e6cf/b4ebd816-a401-4034-a7fd-6fbeafe27b4a_20170727010156.1280x720at2400_vp8.webm,19162
182,apply an option,150.37,178.76,https://images-tv.adobe.com/avp/vr/b758b4c4-2a74-41f4-8e67-e2f2eab83c6a/b82be99a-cde4-4b88-ad5a-df27a6a9e6cf/b4ebd816-a401-4034-a7fd-6fbeafe27b4a_20170727010156.1280x720at2400_vp8.webm,19162
183,use the menu bar,207.79,232.56,https://images-tv.adobe.com/avp/vr/b758b4c4-2a74-41f4-8e67-e2f2eab83c6a/b82be99a-cde4-4b88-ad5a-df27a6a9e6cf/b4ebd816-a401-4034-a7fd-6fbeafe27b4a_20170727010156.1280x720at2400_vp8.webm,19162
184,open a file,38.82,58.49,https://images-tv.adobe.com/avp/vr/b758b4c4-2a74-41f4-8e67-e2f2eab83c6a/1c1124d8-8292-4a50-a798-895983ef0f5c/4fd74c1a-a508-48ac-a6b3-d0bb2de9e58a_20170727125940.1280x720at2400_vp8.webm,19163
185,open more than one image at the same time,59.6,75.55,https://images-tv.adobe.com/avp/vr/b758b4c4-2a74-41f4-8e67-e2f2eab83c6a/1c1124d8-8292-4a50-a798-895983ef0f5c/4fd74c1a-a508-48ac-a6b3-d0bb2de9e58a_20170727125940.1280x720at2400_vp8.webm,19163
186,see another open image,76.41,87.06,https://images-tv.adobe.com/avp/vr/b758b4c4-2a74-41f4-8e67-e2f2eab83c6a/1c1124d8-8292-4a50-a798-895983ef0f5c/4fd74c1a-a508-48ac-a6b3-d0bb2de9e58a_20170727125940.1280x720at2400_vp8.webm,19163
187,start with a blank canvas,103.03,150.59,https://images-tv.adobe.com/avp/vr/b758b4c4-2a74-41f4-8e67-e2f2eab83c6a/1c1124d8-8292-4a50-a798-895983ef0f5c/4fd74c1a-a508-48ac-a6b3-d0bb2de9e58a_20170727125940.1280x720at2400_vp8.webm,19163
188,change size of canvas,29.08,66.4,https://images-tv.adobe.com/avp/vr/b758b4c4-2a74-41f4-8e67-e2f2eab83c6a/53afaee0-fd40-43fd-84c1-84c572b2e164/4bd2ba73-3017-426d-8fd4-61f8ade7f350_20170727010905.1280x720at2400_vp8.webm,19164
189,change unit of measurement in canvas,71.26,121.12,https://images-tv.adobe.com/avp/vr/b758b4c4-2a74-41f4-8e67-e2f2eab83c6a/53afaee0-fd40-43fd-84c1-84c572b2e164/4bd2ba73-3017-426d-8fd4-61f8ade7f350_20170727010905.1280x720at2400_vp8.webm,19164
190,add canvas to entire image,19.99,146.37,https://images-tv.adobe.com/avp/vr/b758b4c4-2a74-41f4-8e67-e2f2eab83c6a/53afaee0-fd40-43fd-84c1-84c572b2e164/4bd2ba73-3017-426d-8fd4-61f8ade7f350_20170727010905.1280x720at2400_vp8.webm,19164
191,add canvas to one side of animage,194.03,232.629999,https://images-tv.adobe.com/avp/vr/b758b4c4-2a74-41f4-8e67-e2f2eab83c6a/53afaee0-fd40-43fd-84c1-84c572b2e164/4bd2ba73-3017-426d-8fd4-61f8ade7f350_20170727010905.1280x720at2400_vp8.webm,19164
192,open image size menu,14.25,31.1,https://images-tv.adobe.com/avp/vr/b758b4c4-2a74-41f4-8e67-e2f2eab83c6a/71ee9e7f-9ce1-47c7-bee2-b085677363c7/020c38ac-2cb4-4bf0-a817-76410479fd8c_20170727010933.1280x720at2400_vp8.webm,19165
193,change image resolution in image size menu,158.98,221.71,https://images-tv.adobe.com/avp/vr/b758b4c4-2a74-41f4-8e67-e2f2eab83c6a/71ee9e7f-9ce1-47c7-bee2-b085677363c7/020c38ac-2cb4-4bf0-a817-76410479fd8c_20170727010933.1280x720at2400_vp8.webm,19165
194,see the size of an image,8.88,50.09,https://images-tv.adobe.com/avp/vr/b758b4c4-2a74-41f4-8e67-e2f2eab83c6a/0f96bb5e-2081-4b85-a530-2a574cbc1e14/fb9b44d3-05e1-4d0e-8dfe-fa6c14a46246_20170727010943.1280x720at2400_vp8.webm,19166
195,preserve the original proportion of width to height,92.77,117.57,https://images-tv.adobe.com/avp/vr/b758b4c4-2a74-41f4-8e67-e2f2eab83c6a/0f96bb5e-2081-4b85-a530-2a574cbc1e14/fb9b44d3-05e1-4d0e-8dfe-fa6c14a46246_20170727010943.1280x720at2400_vp8.webm,19166
196,resample image and change units,124.18,166.57,https://images-tv.adobe.com/avp/vr/b758b4c4-2a74-41f4-8e67-e2f2eab83c6a/0f96bb5e-2081-4b85-a530-2a574cbc1e14/fb9b44d3-05e1-4d0e-8dfe-fa6c14a46246_20170727010943.1280x720at2400_vp8.webm,19166
197,resize an image,168.65,231.869999,https://images-tv.adobe.com/avp/vr/b758b4c4-2a74-41f4-8e67-e2f2eab83c6a/0f96bb5e-2081-4b85-a530-2a574cbc1e14/fb9b44d3-05e1-4d0e-8dfe-fa6c14a46246_20170727010943.1280x720at2400_vp8.webm,19166
198,save a new version of a file,248.799999,281.12,https://images-tv.adobe.com/avp/vr/b758b4c4-2a74-41f4-8e67-e2f2eab83c6a/0f96bb5e-2081-4b85-a530-2a574cbc1e14/fb9b44d3-05e1-4d0e-8dfe-fa6c14a46246_20170727010943.1280x720at2400_vp8.webm,19166
199,crop an image,15.48,37.17,https://images-tv.adobe.com/avp/vr/b758b4c4-2a74-41f4-8e67-e2f2eab83c6a/227f4714-d7c9-4503-ad70-038b72b2f82b/ee72eb91-b9cf-4299-988c-d9ca02076285_20170727010941.1280x720at2400_vp8.webm,19167
200,keep the cropped away pixels,57.26,92.92,https://images-tv.adobe.com/avp/vr/b758b4c4-2a74-41f4-8e67-e2f2eab83c6a/227f4714-d7c9-4503-ad70-038b72b2f82b/ee72eb91-b9cf-4299-988c-d9ca02076285_20170727010941.1280x720at2400_vp8.webm,19167
201,change the crop of an image,102.96,132.04,https://images-tv.adobe.com/avp/vr/b758b4c4-2a74-41f4-8e67-e2f2eab83c6a/227f4714-d7c9-4503-ad70-038b72b2f82b/ee72eb91-b9cf-4299-988c-d9ca02076285_20170727010941.1280x720at2400_vp8.webm,19167
202,improve the composition of an image,132.68,167.39,https://images-tv.adobe.com/avp/vr/b758b4c4-2a74-41f4-8e67-e2f2eab83c6a/227f4714-d7c9-4503-ad70-038b72b2f82b/ee72eb91-b9cf-4299-988c-d9ca02076285_20170727010941.1280x720at2400_vp8.webm,19167
203,straighten an image manually,175.46,194.07,https://images-tv.adobe.com/avp/vr/b758b4c4-2a74-41f4-8e67-e2f2eab83c6a/227f4714-d7c9-4503-ad70-038b72b2f82b/ee72eb91-b9cf-4299-988c-d9ca02076285_20170727010941.1280x720at2400_vp8.webm,19167
204,straighten an image automatically,194.86,233.809999,https://images-tv.adobe.com/avp/vr/b758b4c4-2a74-41f4-8e67-e2f2eab83c6a/227f4714-d7c9-4503-ad70-038b72b2f82b/ee72eb91-b9cf-4299-988c-d9ca02076285_20170727010941.1280x720at2400_vp8.webm,19167
205,unlock a background layer,92.3,137.51,https://images-tv.adobe.com/avp/vr/b758b4c4-2a74-41f4-8e67-e2f2eab83c6a/696245e0-aaad-42df-b48f-8b44b1f5211a/22729011-a533-48a4-a7a2-0b5f86d4eedd_20170727011751.1280x720at2400_vp8.webm,19168
206,make a background layer,154.07,206.69,https://images-tv.adobe.com/avp/vr/b758b4c4-2a74-41f4-8e67-e2f2eab83c6a/696245e0-aaad-42df-b48f-8b44b1f5211a/22729011-a533-48a4-a7a2-0b5f86d4eedd_20170727011751.1280x720at2400_vp8.webm,19168
207,place embedded to add an image to a layer,31.37,75.18,https://images-tv.adobe.com/avp/vr/b758b4c4-2a74-41f4-8e67-e2f2eab83c6a/d3ad6ab6-a139-4d07-82a5-aab8e3603d1f/cbc4aab3-0666-4cb4-a250-bf73826c1ed3_20170727011812.1280x720at2400_vp8.webm,19169
208,scale photo down proportionately,96.19,131.3,https://images-tv.adobe.com/avp/vr/b758b4c4-2a74-41f4-8e67-e2f2eab83c6a/d3ad6ab6-a139-4d07-82a5-aab8e3603d1f/cbc4aab3-0666-4cb4-a250-bf73826c1ed3_20170727011812.1280x720at2400_vp8.webm,19169
209,modify added photo,159.83,205.78,https://images-tv.adobe.com/avp/vr/b758b4c4-2a74-41f4-8e67-e2f2eab83c6a/d3ad6ab6-a139-4d07-82a5-aab8e3603d1f/cbc4aab3-0666-4cb4-a250-bf73826c1ed3_20170727011812.1280x720at2400_vp8.webm,19169
210,edit a smart object,216.690001,250.67,https://images-tv.adobe.com/avp/vr/b758b4c4-2a74-41f4-8e67-e2f2eab83c6a/d3ad6ab6-a139-4d07-82a5-aab8e3603d1f/cbc4aab3-0666-4cb4-a250-bf73826c1ed3_20170727011812.1280x720at2400_vp8.webm,19169
211,change order of layers,38.92,75.51,https://images-tv.adobe.com/avp/vr/b758b4c4-2a74-41f4-8e67-e2f2eab83c6a/01a575ae-f8b7-486c-987b-bcb4f2f4e57d/3868e305-c73c-4931-82a0-5e46f5eb41e5_20170727011800.1280x720at2400_vp8.webm,19170
212,create a new layer,80.16,114.25,https://images-tv.adobe.com/avp/vr/b758b4c4-2a74-41f4-8e67-e2f2eab83c6a/01a575ae-f8b7-486c-987b-bcb4f2f4e57d/3868e305-c73c-4931-82a0-5e46f5eb41e5_20170727011800.1280x720at2400_vp8.webm,19170
213,rename a layer,147.83,159.8,https://images-tv.adobe.com/avp/vr/b758b4c4-2a74-41f4-8e67-e2f2eab83c6a/01a575ae-f8b7-486c-987b-bcb4f2f4e57d/3868e305-c73c-4931-82a0-5e46f5eb41e5_20170727011800.1280x720at2400_vp8.webm,19170
214,add color to a layer,160.73,198.23,https://images-tv.adobe.com/avp/vr/b758b4c4-2a74-41f4-8e67-e2f2eab83c6a/01a575ae-f8b7-486c-987b-bcb4f2f4e57d/3868e305-c73c-4931-82a0-5e46f5eb41e5_20170727011800.1280x720at2400_vp8.webm,19170
215,blend two layers together,207.73,236.7,https://images-tv.adobe.com/avp/vr/b758b4c4-2a74-41f4-8e67-e2f2eab83c6a/01a575ae-f8b7-486c-987b-bcb4f2f4e57d/3868e305-c73c-4931-82a0-5e46f5eb41e5_20170727011800.1280x720at2400_vp8.webm,19170
216,delete layer,237.47,258.69,https://images-tv.adobe.com/avp/vr/b758b4c4-2a74-41f4-8e67-e2f2eab83c6a/01a575ae-f8b7-486c-987b-bcb4f2f4e57d/3868e305-c73c-4931-82a0-5e46f5eb41e5_20170727011800.1280x720at2400_vp8.webm,19170
217,resize the content of one layer,19.62,92.64,https://images-tv.adobe.com/avp/vr/b758b4c4-2a74-41f4-8e67-e2f2eab83c6a/f9e2fae4-ee0f-47f8-9b2d-3565a62649e4/6784dbd8-b6b0-4d2b-816b-b0e0d6e4d225_20170727011651.1280x720at2400_vp8.webm,19171
218,resize the content of multiple layers,106.82,159.919999,https://images-tv.adobe.com/avp/vr/b758b4c4-2a74-41f4-8e67-e2f2eab83c6a/f9e2fae4-ee0f-47f8-9b2d-3565a62649e4/6784dbd8-b6b0-4d2b-816b-b0e0d6e4d225_20170727011651.1280x720at2400_vp8.webm,19171
219,toggle the visibility of layers,45.88,67.76,https://images-tv.adobe.com/avp/vr/b758b4c4-2a74-41f4-8e67-e2f2eab83c6a/f810fc5b-2b04-4e23-8fa4-5c532e7de6f8/e268fe4d-e5c7-415c-9f5c-d34d024b14d8_20170727011753.1280x720at2400_vp8.webm,19172
220,toggle all layers except one,77.28,117.459999,https://images-tv.adobe.com/avp/vr/b758b4c4-2a74-41f4-8e67-e2f2eab83c6a/f810fc5b-2b04-4e23-8fa4-5c532e7de6f8/e268fe4d-e5c7-415c-9f5c-d34d024b14d8_20170727011753.1280x720at2400_vp8.webm,19172
221,edit a small part of a photo,156.139999,199.77,https://images-tv.adobe.com/avp/vr/b758b4c4-2a74-41f4-8e67-e2f2eab83c6a/f810fc5b-2b04-4e23-8fa4-5c532e7de6f8/e268fe4d-e5c7-415c-9f5c-d34d024b14d8_20170727011753.1280x720at2400_vp8.webm,19172
222,edit multiple layers,200.07,227.62,https://images-tv.adobe.com/avp/vr/b758b4c4-2a74-41f4-8e67-e2f2eab83c6a/f810fc5b-2b04-4e23-8fa4-5c532e7de6f8/e268fe4d-e5c7-415c-9f5c-d34d024b14d8_20170727011753.1280x720at2400_vp8.webm,19172
223,automatically select a layer,228.33,273.1,https://images-tv.adobe.com/avp/vr/b758b4c4-2a74-41f4-8e67-e2f2eab83c6a/f810fc5b-2b04-4e23-8fa4-5c532e7de6f8/e268fe4d-e5c7-415c-9f5c-d34d024b14d8_20170727011753.1280x720at2400_vp8.webm,19172
224,add an adjustment layer,16,61.55,https://images-tv.adobe.com/avp/vr/b758b4c4-2a74-41f4-8e67-e2f2eab83c6a/462770cb-2a4e-412a-935c-05c56d74a29f/0025335a-4f89-4996-ad66-8829a2dd0273_20170727035059.1280x720at2400_vp8.webm,19192
225,edit adjustment layer,89.08,119.4,https://images-tv.adobe.com/avp/vr/b758b4c4-2a74-41f4-8e67-e2f2eab83c6a/462770cb-2a4e-412a-935c-05c56d74a29f/0025335a-4f89-4996-ad66-8829a2dd0273_20170727035059.1280x720at2400_vp8.webm,19192
226,make image brighter or darker,112.18,127.72,https://images-tv.adobe.com/avp/vr/b758b4c4-2a74-41f4-8e67-e2f2eab83c6a/462770cb-2a4e-412a-935c-05c56d74a29f/0025335a-4f89-4996-ad66-8829a2dd0273_20170727035059.1280x720at2400_vp8.webm,19192
227,access adjustment layer,138.73,191.94,https://images-tv.adobe.com/avp/vr/b758b4c4-2a74-41f4-8e67-e2f2eab83c6a/462770cb-2a4e-412a-935c-05c56d74a29f/0025335a-4f89-4996-ad66-8829a2dd0273_20170727035059.1280x720at2400_vp8.webm,19192
228,change order of adjustment layer,195.7,232.869999,https://images-tv.adobe.com/avp/vr/b758b4c4-2a74-41f4-8e67-e2f2eab83c6a/462770cb-2a4e-412a-935c-05c56d74a29f/0025335a-4f89-4996-ad66-8829a2dd0273_20170727035059.1280x720at2400_vp8.webm,19192
229,adjust the vibrance,41.31,118.13,https://images-tv.adobe.com/avp/vr/b758b4c4-2a74-41f4-8e67-e2f2eab83c6a/9e1986e9-6b5a-4099-ae20-4965ebd71d3e/e9b01d42-8a7f-4405-8229-9aab46beca63_20170727035012.1280x720at2400_vp8.webm,19193
230,adjust the hue and saturation,25.29,70.11,https://images-tv.adobe.com/avp/vr/b758b4c4-2a74-41f4-8e67-e2f2eab83c6a/2206465a-14b2-4e50-8a60-97a3f10ec5da/8d782716-8057-4a3b-bf38-5eac47edc65e_20170727035249.1280x720at2400_vp8.webm,19194
231,mute all the colors,71.35,79.17,https://images-tv.adobe.com/avp/vr/b758b4c4-2a74-41f4-8e67-e2f2eab83c6a/2206465a-14b2-4e50-8a60-97a3f10ec5da/8d782716-8057-4a3b-bf38-5eac47edc65e_20170727035249.1280x720at2400_vp8.webm,19194
232,make all colors lighter or darker,79.64,88.25,https://images-tv.adobe.com/avp/vr/b758b4c4-2a74-41f4-8e67-e2f2eab83c6a/2206465a-14b2-4e50-8a60-97a3f10ec5da/8d782716-8057-4a3b-bf38-5eac47edc65e_20170727035249.1280x720at2400_vp8.webm,19194
233,adjust individual colors of an image,96.28,159.42,https://images-tv.adobe.com/avp/vr/b758b4c4-2a74-41f4-8e67-e2f2eab83c6a/2206465a-14b2-4e50-8a60-97a3f10ec5da/8d782716-8057-4a3b-bf38-5eac47edc65e_20170727035249.1280x720at2400_vp8.webm,19194
234,adjust alternative color of an image,176.23,216.91,https://images-tv.adobe.com/avp/vr/b758b4c4-2a74-41f4-8e67-e2f2eab83c6a/2206465a-14b2-4e50-8a60-97a3f10ec5da/8d782716-8057-4a3b-bf38-5eac47edc65e_20170727035249.1280x720at2400_vp8.webm,19194
235,increase intensity of a certain color,217.52,244.38,https://images-tv.adobe.com/avp/vr/b758b4c4-2a74-41f4-8e67-e2f2eab83c6a/2206465a-14b2-4e50-8a60-97a3f10ec5da/8d782716-8057-4a3b-bf38-5eac47edc65e_20170727035249.1280x720at2400_vp8.webm,19194
236,auto brightness,29.679999,64.18,https://images-tv.adobe.com/avp/vr/b758b4c4-2a74-41f4-8e67-e2f2eab83c6a/07f7eaaf-08c0-46e1-b935-68fbadabb94a/f69cda0d-ead3-4250-b9cf-97a66ad4ff75_20170727035149.1280x720at2400_vp8.webm,19195
237,adjust brightness manually,64.469999,105.37,https://images-tv.adobe.com/avp/vr/b758b4c4-2a74-41f4-8e67-e2f2eab83c6a/07f7eaaf-08c0-46e1-b935-68fbadabb94a/f69cda0d-ead3-4250-b9cf-97a66ad4ff75_20170727035149.1280x720at2400_vp8.webm,19195
238,change contrast of an image,105.92,148.49,https://images-tv.adobe.com/avp/vr/b758b4c4-2a74-41f4-8e67-e2f2eab83c6a/07f7eaaf-08c0-46e1-b935-68fbadabb94a/f69cda0d-ead3-4250-b9cf-97a66ad4ff75_20170727035149.1280x720at2400_vp8.webm,19195
239,see before and after look,165.57,192.65,https://images-tv.adobe.com/avp/vr/b758b4c4-2a74-41f4-8e67-e2f2eab83c6a/07f7eaaf-08c0-46e1-b935-68fbadabb94a/f69cda0d-ead3-4250-b9cf-97a66ad4ff75_20170727035149.1280x720at2400_vp8.webm,19195
240,quick selection tool,22.3,55.73,https://images-tv.adobe.com/avp/vr/b758b4c4-2a74-41f4-8e67-e2f2eab83c6a/e804b863-aff6-465b-893a-470d4f5b71f3/503b50b8-f90d-47d5-8df6-0ec6c17cf6bd_20170727040038.1280x720at2400_vp8.webm,19196
241,add to selection,58.41,100.67,https://images-tv.adobe.com/avp/vr/b758b4c4-2a74-41f4-8e67-e2f2eab83c6a/e804b863-aff6-465b-893a-470d4f5b71f3/503b50b8-f90d-47d5-8df6-0ec6c17cf6bd_20170727040038.1280x720at2400_vp8.webm,19196
242,quick seleciton shortcut,101.679999,137.11,https://images-tv.adobe.com/avp/vr/b758b4c4-2a74-41f4-8e67-e2f2eab83c6a/e804b863-aff6-465b-893a-470d4f5b71f3/503b50b8-f90d-47d5-8df6-0ec6c17cf6bd_20170727040038.1280x720at2400_vp8.webm,19196
243,use lasso tool,146.91,197.039999,https://images-tv.adobe.com/avp/vr/b758b4c4-2a74-41f4-8e67-e2f2eab83c6a/e804b863-aff6-465b-893a-470d4f5b71f3/503b50b8-f90d-47d5-8df6-0ec6c17cf6bd_20170727040038.1280x720at2400_vp8.webm,19196
244,subtract from selection,215.24,233.519999,https://images-tv.adobe.com/avp/vr/b758b4c4-2a74-41f4-8e67-e2f2eab83c6a/e804b863-aff6-465b-893a-470d4f5b71f3/503b50b8-f90d-47d5-8df6-0ec6c17cf6bd_20170727040038.1280x720at2400_vp8.webm,19196
245,apply an adjustment,234.35,255.23,https://images-tv.adobe.com/avp/vr/b758b4c4-2a74-41f4-8e67-e2f2eab83c6a/e804b863-aff6-465b-893a-470d4f5b71f3/503b50b8-f90d-47d5-8df6-0ec6c17cf6bd_20170727040038.1280x720at2400_vp8.webm,19196
246,fine-tune an image,15.299999,75.76,https://images-tv.adobe.com/avp/vr/b758b4c4-2a74-41f4-8e67-e2f2eab83c6a/44ead693-2519-43fd-8e6b-58a8bd4e1c7e/9cee9eab-e528-49a7-84ec-e8e897c58fb2_20170727040048.1280x720at2400_vp8.webm,19197
247,select and mask workspace,75.97,116.37,https://images-tv.adobe.com/avp/vr/b758b4c4-2a74-41f4-8e67-e2f2eab83c6a/44ead693-2519-43fd-8e6b-58a8bd4e1c7e/9cee9eab-e528-49a7-84ec-e8e897c58fb2_20170727040048.1280x720at2400_vp8.webm,19197
248,abbreviated tools panel,127.45,149.59,https://images-tv.adobe.com/avp/vr/b758b4c4-2a74-41f4-8e67-e2f2eab83c6a/44ead693-2519-43fd-8e6b-58a8bd4e1c7e/9cee9eab-e528-49a7-84ec-e8e897c58fb2_20170727040048.1280x720at2400_vp8.webm,19197
249,brush tool,150.08,184.32,https://images-tv.adobe.com/avp/vr/b758b4c4-2a74-41f4-8e67-e2f2eab83c6a/44ead693-2519-43fd-8e6b-58a8bd4e1c7e/9cee9eab-e528-49a7-84ec-e8e897c58fb2_20170727040048.1280x720at2400_vp8.webm,19197
250,output settings,216.41,260.2,https://images-tv.adobe.com/avp/vr/b758b4c4-2a74-41f4-8e67-e2f2eab83c6a/44ead693-2519-43fd-8e6b-58a8bd4e1c7e/9cee9eab-e528-49a7-84ec-e8e897c58fb2_20170727040048.1280x720at2400_vp8.webm,19197
251,add a brightness/contrast adjustment,266.45,286.43,https://images-tv.adobe.com/avp/vr/b758b4c4-2a74-41f4-8e67-e2f2eab83c6a/44ead693-2519-43fd-8e6b-58a8bd4e1c7e/9cee9eab-e528-49a7-84ec-e8e897c58fb2_20170727040048.1280x720at2400_vp8.webm,19197
252,rectangular marquee tool,39.66,79.16,https://images-tv.adobe.com/avp/vr/b758b4c4-2a74-41f4-8e67-e2f2eab83c6a/df213301-dc85-43f3-9526-c4e25a162d74/79f0687c-cf12-4bfb-aad7-b747c61ff346_20170727040031.1280x720at2400_vp8.webm,19198
253,adding to and subtract from a selection,79.26,141.52,https://images-tv.adobe.com/avp/vr/b758b4c4-2a74-41f4-8e67-e2f2eab83c6a/df213301-dc85-43f3-9526-c4e25a162d74/79f0687c-cf12-4bfb-aad7-b747c61ff346_20170727040031.1280x720at2400_vp8.webm,19198
254,use brightness/contrast adjustment on a selection,156.3,186.07,https://images-tv.adobe.com/avp/vr/b758b4c4-2a74-41f4-8e67-e2f2eab83c6a/df213301-dc85-43f3-9526-c4e25a162d74/79f0687c-cf12-4bfb-aad7-b747c61ff346_20170727040031.1280x720at2400_vp8.webm,19198
255,adjust everything except the selection,186.17,217.54,https://images-tv.adobe.com/avp/vr/b758b4c4-2a74-41f4-8e67-e2f2eab83c6a/df213301-dc85-43f3-9526-c4e25a162d74/79f0687c-cf12-4bfb-aad7-b747c61ff346_20170727040031.1280x720at2400_vp8.webm,19198
256,remove a large object,7.71,76.6,https://images-tv.adobe.com/avp/vr/b758b4c4-2a74-41f4-8e67-e2f2eab83c6a/2ccff4a2-a854-49da-bafc-fc85a7a4f527/0dddb11b-0006-404b-a2a6-589e13994de6_20170727051957.1280x720at2400_vp8.webm,19199
257,remove blurry areas,105.559999,170.42,https://images-tv.adobe.com/avp/vr/b758b4c4-2a74-41f4-8e67-e2f2eab83c6a/2ccff4a2-a854-49da-bafc-fc85a7a4f527/0dddb11b-0006-404b-a2a6-589e13994de6_20170727051957.1280x720at2400_vp8.webm,19199
258,increase brush size,31.49,49.159999,https://images-tv.adobe.com/avp/vr/b758b4c4-2a74-41f4-8e67-e2f2eab83c6a/95b30d65-cb1c-418e-99ec-0979d33ba6d1/f198408f-50e3-4d7f-ae2a-4197d8dc3196_20170727040830.1280x720at2400_vp8.webm,19200
259,clone stamp tool,53.74,104.799999,https://images-tv.adobe.com/avp/vr/b758b4c4-2a74-41f4-8e67-e2f2eab83c6a/95b30d65-cb1c-418e-99ec-0979d33ba6d1/f198408f-50e3-4d7f-ae2a-4197d8dc3196_20170727040830.1280x720at2400_vp8.webm,19200
260,copy object to clone,123.21,135.87,https://images-tv.adobe.com/avp/vr/b758b4c4-2a74-41f4-8e67-e2f2eab83c6a/95b30d65-cb1c-418e-99ec-0979d33ba6d1/f198408f-50e3-4d7f-ae2a-4197d8dc3196_20170727040830.1280x720at2400_vp8.webm,19200
261,avoid repeating a pattern,169.18,199.94,https://images-tv.adobe.com/avp/vr/b758b4c4-2a74-41f4-8e67-e2f2eab83c6a/95b30d65-cb1c-418e-99ec-0979d33ba6d1/f198408f-50e3-4d7f-ae2a-4197d8dc3196_20170727040830.1280x720at2400_vp8.webm,19200
262,remove small objects,48.55,88.04,https://images-tv.adobe.com/avp/vr/b758b4c4-2a74-41f4-8e67-e2f2eab83c6a/35107ad0-4e18-4f43-81e2-2c3efa51b08d/64e34a51-8979-4c48-8ab3-5bb0e6951a84_20170727043715.1280x720at2400_vp8.webm,19201
263,change brush size,101.57,144.349999,https://images-tv.adobe.com/avp/vr/b758b4c4-2a74-41f4-8e67-e2f2eab83c6a/35107ad0-4e18-4f43-81e2-2c3efa51b08d/64e34a51-8979-4c48-8ab3-5bb0e6951a84_20170727043715.1280x720at2400_vp8.webm,19201
264,remove irregular areas,145,173.83,https://images-tv.adobe.com/avp/vr/b758b4c4-2a74-41f4-8e67-e2f2eab83c6a/35107ad0-4e18-4f43-81e2-2c3efa51b08d/64e34a51-8979-4c48-8ab3-5bb0e6951a84_20170727043715.1280x720at2400_vp8.webm,19201
265,save your work,192.05,210.189999,https://images-tv.adobe.com/avp/vr/b758b4c4-2a74-41f4-8e67-e2f2eab83c6a/35107ad0-4e18-4f43-81e2-2c3efa51b08d/64e34a51-8979-4c48-8ab3-5bb0e6951a84_20170727043715.1280x720at2400_vp8.webm,19201
266,use eyedropper tool to set foreground color,26.42,49.79,https://images-tv.adobe.com/avp/vr/b758b4c4-2a74-41f4-8e67-e2f2eab83c6a/ae603508-198c-4290-bcf8-0e3a28f28056/00279c31-b76e-4476-88bc-2c50309baea9_20170727061648.1280x720at2400_vp8.webm,19204
267,use of background color,51.02,84.04,https://images-tv.adobe.com/avp/vr/b758b4c4-2a74-41f4-8e67-e2f2eab83c6a/ae603508-198c-4290-bcf8-0e3a28f28056/00279c31-b76e-4476-88bc-2c50309baea9_20170727061648.1280x720at2400_vp8.webm,19204
268,switch between foreground and background colors,98.92,118.62,https://images-tv.adobe.com/avp/vr/b758b4c4-2a74-41f4-8e67-e2f2eab83c6a/ae603508-198c-4290-bcf8-0e3a28f28056/00279c31-b76e-4476-88bc-2c50309baea9_20170727061648.1280x720at2400_vp8.webm,19204
269,brush pickers,37.92,83.32,https://images-tv.adobe.com/avp/vr/b758b4c4-2a74-41f4-8e67-e2f2eab83c6a/805b1f39-fef7-4a1c-8fc1-ae9317e96abe/e351d2b9-e56c-4196-803d-5c0e3f184115_20170727061838.1280x720at2400_vp8.webm,19205
270,change brush size,97.68,142.04,https://images-tv.adobe.com/avp/vr/b758b4c4-2a74-41f4-8e67-e2f2eab83c6a/805b1f39-fef7-4a1c-8fc1-ae9317e96abe/e351d2b9-e56c-4196-803d-5c0e3f184115_20170727061838.1280x720at2400_vp8.webm,19205
271,blend mode,165.91,210.88,https://images-tv.adobe.com/avp/vr/b758b4c4-2a74-41f4-8e67-e2f2eab83c6a/805b1f39-fef7-4a1c-8fc1-ae9317e96abe/e351d2b9-e56c-4196-803d-5c0e3f184115_20170727061838.1280x720at2400_vp8.webm,19205
272,paint over a selection,233.41,262.93,https://images-tv.adobe.com/avp/vr/b758b4c4-2a74-41f4-8e67-e2f2eab83c6a/805b1f39-fef7-4a1c-8fc1-ae9317e96abe/e351d2b9-e56c-4196-803d-5c0e3f184115_20170727061838.1280x720at2400_vp8.webm,19205
273,use the color picker,17.85,41.6,https://images-tv.adobe.com/avp/vr/b758b4c4-2a74-41f4-8e67-e2f2eab83c6a/134c6145-26e9-4a6d-b1d2-dce9718cb0cb/baed3747-e9d9-4b14-af73-d8432b3c15dc_20170727061740.1280x720at2400_vp8.webm,19206
274,adjust saturation and brightness,47.73,82.87,https://images-tv.adobe.com/avp/vr/b758b4c4-2a74-41f4-8e67-e2f2eab83c6a/134c6145-26e9-4a6d-b1d2-dce9718cb0cb/baed3747-e9d9-4b14-af73-d8432b3c15dc_20170727061740.1280x720at2400_vp8.webm,19206
275,swatches panel,114.4,151.89,https://images-tv.adobe.com/avp/vr/b758b4c4-2a74-41f4-8e67-e2f2eab83c6a/134c6145-26e9-4a6d-b1d2-dce9718cb0cb/baed3747-e9d9-4b14-af73-d8432b3c15dc_20170727061740.1280x720at2400_vp8.webm,19206
276,color panel,152.9,192.089999,https://images-tv.adobe.com/avp/vr/b758b4c4-2a74-41f4-8e67-e2f2eab83c6a/134c6145-26e9-4a6d-b1d2-dce9718cb0cb/baed3747-e9d9-4b14-af73-d8432b3c15dc_20170727061740.1280x720at2400_vp8.webm,19206
277,create text,29.38,55.03,https://images-tv.adobe.com/avp/vr/b758b4c4-2a74-41f4-8e67-e2f2eab83c6a/3faf5155-3af6-4a5e-94be-a32cff840c56/eec7ce44-7bf6-4b3a-ba43-75704f2eb2cb_20170727063002.1280x720at2400_vp8.webm,19207
278,edit font,68.49,108.99,https://images-tv.adobe.com/avp/vr/b758b4c4-2a74-41f4-8e67-e2f2eab83c6a/3faf5155-3af6-4a5e-94be-a32cff840c56/eec7ce44-7bf6-4b3a-ba43-75704f2eb2cb_20170727063002.1280x720at2400_vp8.webm,19207
279,add text,122.21,144.13,https://images-tv.adobe.com/avp/vr/b758b4c4-2a74-41f4-8e67-e2f2eab83c6a/3faf5155-3af6-4a5e-94be-a32cff840c56/eec7ce44-7bf6-4b3a-ba43-75704f2eb2cb_20170727063002.1280x720at2400_vp8.webm,19207
280,move text,146.29,154.72,https://images-tv.adobe.com/avp/vr/b758b4c4-2a74-41f4-8e67-e2f2eab83c6a/3faf5155-3af6-4a5e-94be-a32cff840c56/eec7ce44-7bf6-4b3a-ba43-75704f2eb2cb_20170727063002.1280x720at2400_vp8.webm,19207
281,re-editable type layer,156.05,199.75,https://images-tv.adobe.com/avp/vr/b758b4c4-2a74-41f4-8e67-e2f2eab83c6a/3faf5155-3af6-4a5e-94be-a32cff840c56/eec7ce44-7bf6-4b3a-ba43-75704f2eb2cb_20170727063002.1280x720at2400_vp8.webm,19207
282,change options for type layer,200.16,247.209999,https://images-tv.adobe.com/avp/vr/b758b4c4-2a74-41f4-8e67-e2f2eab83c6a/3faf5155-3af6-4a5e-94be-a32cff840c56/eec7ce44-7bf6-4b3a-ba43-75704f2eb2cb_20170727063002.1280x720at2400_vp8.webm,19207
283,rounded rectangle tool,30.05,52.839999,https://images-tv.adobe.com/avp/vr/b758b4c4-2a74-41f4-8e67-e2f2eab83c6a/c4ac6b7d-8c83-4626-a8ee-ccfc74fc1130/43327840-1669-460c-9253-b189697614cb_20170727063233.1280x720at2400_vp8.webm,19208
284,smooth-edged objects layer,52.939999,85.01,https://images-tv.adobe.com/avp/vr/b758b4c4-2a74-41f4-8e67-e2f2eab83c6a/c4ac6b7d-8c83-4626-a8ee-ccfc74fc1130/43327840-1669-460c-9253-b189697614cb_20170727063233.1280x720at2400_vp8.webm,19208
285,change size of shape,108.52,142.25,https://images-tv.adobe.com/avp/vr/b758b4c4-2a74-41f4-8e67-e2f2eab83c6a/c4ac6b7d-8c83-4626-a8ee-ccfc74fc1130/43327840-1669-460c-9253-b189697614cb_20170727063233.1280x720at2400_vp8.webm,19208
286,change shape of the shape,143.51,156.41,https://images-tv.adobe.com/avp/vr/b758b4c4-2a74-41f4-8e67-e2f2eab83c6a/c4ac6b7d-8c83-4626-a8ee-ccfc74fc1130/43327840-1669-460c-9253-b189697614cb_20170727063233.1280x720at2400_vp8.webm,19208
287,move shape,164.81,178.9,https://images-tv.adobe.com/avp/vr/b758b4c4-2a74-41f4-8e67-e2f2eab83c6a/c4ac6b7d-8c83-4626-a8ee-ccfc74fc1130/43327840-1669-460c-9253-b189697614cb_20170727063233.1280x720at2400_vp8.webm,19208
288,change color of the shape,179.619999,213.15,https://images-tv.adobe.com/avp/vr/b758b4c4-2a74-41f4-8e67-e2f2eab83c6a/c4ac6b7d-8c83-4626-a8ee-ccfc74fc1130/43327840-1669-460c-9253-b189697614cb_20170727063233.1280x720at2400_vp8.webm,19208
289,change opacity of shape layer,219.64,251.66,https://images-tv.adobe.com/avp/vr/b758b4c4-2a74-41f4-8e67-e2f2eab83c6a/c4ac6b7d-8c83-4626-a8ee-ccfc74fc1130/43327840-1669-460c-9253-b189697614cb_20170727063233.1280x720at2400_vp8.webm,19208
290,custom shape tool,16.389999,55.84,https://images-tv.adobe.com/avp/vr/b758b4c4-2a74-41f4-8e67-e2f2eab83c6a/23d093ff-b0d8-4745-935f-71962e527d3c/349949d3-dbf5-43cf-a38c-9b8aff9c9179_20170727063141.1280x720at2400_vp8.webm,19209
291,use custom shape,69.2,112.47,https://images-tv.adobe.com/avp/vr/b758b4c4-2a74-41f4-8e67-e2f2eab83c6a/23d093ff-b0d8-4745-935f-71962e527d3c/349949d3-dbf5-43cf-a38c-9b8aff9c9179_20170727063141.1280x720at2400_vp8.webm,19209
292,change color of custom shape,117.75,131.55,https://images-tv.adobe.com/avp/vr/b758b4c4-2a74-41f4-8e67-e2f2eab83c6a/23d093ff-b0d8-4745-935f-71962e527d3c/349949d3-dbf5-43cf-a38c-9b8aff9c9179_20170727063141.1280x720at2400_vp8.webm,19209
293,change size of custom shape,133.1,162.01,https://images-tv.adobe.com/avp/vr/b758b4c4-2a74-41f4-8e67-e2f2eab83c6a/23d093ff-b0d8-4745-935f-71962e527d3c/349949d3-dbf5-43cf-a38c-9b8aff9c9179_20170727063141.1280x720at2400_vp8.webm,19209
294,change text on a type layer,24.61,56.22,https://images-tv.adobe.com/avp/vr/b758b4c4-2a74-41f4-8e67-e2f2eab83c6a/f8dff0b8-3919-4eab-8830-139b17c4451b/ac88ac21-e3cd-4641-9960-912d7e599aa9_20170727062955.1280x720at2400_vp8.webm,19210
295,edit multiple lines of type,56.49,93.95,https://images-tv.adobe.com/avp/vr/b758b4c4-2a74-41f4-8e67-e2f2eab83c6a/f8dff0b8-3919-4eab-8830-139b17c4451b/ac88ac21-e3cd-4641-9960-912d7e599aa9_20170727062955.1280x720at2400_vp8.webm,19210
296,automatically get type layer,99.51,138.31,https://images-tv.adobe.com/avp/vr/b758b4c4-2a74-41f4-8e67-e2f2eab83c6a/f8dff0b8-3919-4eab-8830-139b17c4451b/ac88ac21-e3cd-4641-9960-912d7e599aa9_20170727062955.1280x720at2400_vp8.webm,19210
297,paragraph text,148.45,184.93,https://images-tv.adobe.com/avp/vr/b758b4c4-2a74-41f4-8e67-e2f2eab83c6a/f8dff0b8-3919-4eab-8830-139b17c4451b/ac88ac21-e3cd-4641-9960-912d7e599aa9_20170727062955.1280x720at2400_vp8.webm,19210
298,reflow text,191.24,231.479999,https://images-tv.adobe.com/avp/vr/b758b4c4-2a74-41f4-8e67-e2f2eab83c6a/f8dff0b8-3919-4eab-8830-139b17c4451b/ac88ac21-e3cd-4641-9960-912d7e599aa9_20170727062955.1280x720at2400_vp8.webm,19210
299,scale and rotate image,34.26,59.84,https://images-tv.adobe.com/avp/vr/b758b4c4-2a74-41f4-8e67-e2f2eab83c6a/7cb18004-de6e-493a-802a-049aa1c0020a/d787ae0d-ce40-4e3e-ae78-08f88d7a9bb5_20170728124948.1280x720at2400_vp8.webm,19211
300,blurring background image,68.719999,132.46,https://images-tv.adobe.com/avp/vr/b758b4c4-2a74-41f4-8e67-e2f2eab83c6a/7cb18004-de6e-493a-802a-049aa1c0020a/d787ae0d-ce40-4e3e-ae78-08f88d7a9bb5_20170728124948.1280x720at2400_vp8.webm,19211
301,edit smart filter,145.85,178.119999,https://images-tv.adobe.com/avp/vr/b758b4c4-2a74-41f4-8e67-e2f2eab83c6a/7cb18004-de6e-493a-802a-049aa1c0020a/d787ae0d-ce40-4e3e-ae78-08f88d7a9bb5_20170728124948.1280x720at2400_vp8.webm,19211
302,apply a filter to one layer,22.88,36.04,https://images-tv.adobe.com/avp/vr/b758b4c4-2a74-41f4-8e67-e2f2eab83c6a/3e856055-556a-4c2e-85dd-7118b0666f16/8ee13064-b39e-4e66-80ea-aafd4f5f02c2_20170727065119.1280x720at2400_vp8.webm,19212
303,filter gallery,37.42,77.43,https://images-tv.adobe.com/avp/vr/b758b4c4-2a74-41f4-8e67-e2f2eab83c6a/3e856055-556a-4c2e-85dd-7118b0666f16/8ee13064-b39e-4e66-80ea-aafd4f5f02c2_20170727065119.1280x720at2400_vp8.webm,19212
304,apply a combination of filters,101.259999,137.03,https://images-tv.adobe.com/avp/vr/b758b4c4-2a74-41f4-8e67-e2f2eab83c6a/3e856055-556a-4c2e-85dd-7118b0666f16/8ee13064-b39e-4e66-80ea-aafd4f5f02c2_20170727065119.1280x720at2400_vp8.webm,19212
305,hide and remove filters,165.01,182.79,https://images-tv.adobe.com/avp/vr/b758b4c4-2a74-41f4-8e67-e2f2eab83c6a/3e856055-556a-4c2e-85dd-7118b0666f16/8ee13064-b39e-4e66-80ea-aafd4f5f02c2_20170727065119.1280x720at2400_vp8.webm,19212
306,permanent change,198.139999,225.089999,https://images-tv.adobe.com/avp/vr/b758b4c4-2a74-41f4-8e67-e2f2eab83c6a/3e856055-556a-4c2e-85dd-7118b0666f16/8ee13064-b39e-4e66-80ea-aafd4f5f02c2_20170727065119.1280x720at2400_vp8.webm,19212
307,add a texture,17.15,50.08,https://images-tv.adobe.com/avp/vr/b758b4c4-2a74-41f4-8e67-e2f2eab83c6a/1c5e1911-f11c-415b-a248-88f64817fa26/bd2e03af-da1e-45cf-81cb-35d06db78b95_20170727070911.1280x720at2400_vp8.webm,19213
308,layer blend mode,53.26,99.749999,https://images-tv.adobe.com/avp/vr/b758b4c4-2a74-41f4-8e67-e2f2eab83c6a/1c5e1911-f11c-415b-a248-88f64817fa26/bd2e03af-da1e-45cf-81cb-35d06db78b95_20170727070911.1280x720at2400_vp8.webm,19213
309,blend mode shortcut,120.33,159.89,https://images-tv.adobe.com/avp/vr/b758b4c4-2a74-41f4-8e67-e2f2eab83c6a/1c5e1911-f11c-415b-a248-88f64817fa26/bd2e03af-da1e-45cf-81cb-35d06db78b95_20170727070911.1280x720at2400_vp8.webm,19213
310,opacity slider,173.75,190.79,https://images-tv.adobe.com/avp/vr/b758b4c4-2a74-41f4-8e67-e2f2eab83c6a/1c5e1911-f11c-415b-a248-88f64817fa26/bd2e03af-da1e-45cf-81cb-35d06db78b95_20170727070911.1280x720at2400_vp8.webm,19213
311,blend two images together,207.179999,269.829999,https://images-tv.adobe.com/avp/vr/b758b4c4-2a74-41f4-8e67-e2f2eab83c6a/1c5e1911-f11c-415b-a248-88f64817fa26/bd2e03af-da1e-45cf-81cb-35d06db78b95_20170727070911.1280x720at2400_vp8.webm,19213
312,bring in another background image,19.27,41.62,https://images-tv.adobe.com/avp/vr/b758b4c4-2a74-41f4-8e67-e2f2eab83c6a/a9e61350-7849-4a24-8b11-361058f835e3/c16f8d91-4830-461f-be76-398e6801c9e6_20170727094418.1280x720at2400_vp8.webm,19214
313,unlock and rename layer,50.099999,76.62,https://images-tv.adobe.com/avp/vr/b758b4c4-2a74-41f4-8e67-e2f2eab83c6a/a9e61350-7849-4a24-8b11-361058f835e3/c16f8d91-4830-461f-be76-398e6801c9e6_20170727094418.1280x720at2400_vp8.webm,19214
314,apply layer mask to background,77.46,141.879999,https://images-tv.adobe.com/avp/vr/b758b4c4-2a74-41f4-8e67-e2f2eab83c6a/a9e61350-7849-4a24-8b11-361058f835e3/c16f8d91-4830-461f-be76-398e6801c9e6_20170727094418.1280x720at2400_vp8.webm,19214
315,fine-tune a layer,177.4,225.64,https://images-tv.adobe.com/avp/vr/b758b4c4-2a74-41f4-8e67-e2f2eab83c6a/a9e61350-7849-4a24-8b11-361058f835e3/c16f8d91-4830-461f-be76-398e6801c9e6_20170727094418.1280x720at2400_vp8.webm,19214
316,contract or smooth a layer mask,226.07,264.04,https://images-tv.adobe.com/avp/vr/b758b4c4-2a74-41f4-8e67-e2f2eab83c6a/a9e61350-7849-4a24-8b11-361058f835e3/c16f8d91-4830-461f-be76-398e6801c9e6_20170727094418.1280x720at2400_vp8.webm,19214
317,link icon,269.299999,306.11,https://images-tv.adobe.com/avp/vr/b758b4c4-2a74-41f4-8e67-e2f2eab83c6a/a9e61350-7849-4a24-8b11-361058f835e3/c16f8d91-4830-461f-be76-398e6801c9e6_20170727094418.1280x720at2400_vp8.webm,19214
318,quickly isolate object from picture,37.89,77.3,https://images-tv.adobe.com/avp/vr/b758b4c4-2a74-41f4-8e67-e2f2eab83c6a/dfea554e-76fa-4ec0-be2c-fbfe37b4d5a4/499d445a-8a36-4727-8d12-03b28da24e06_20170727090151.1280x720at2400_vp8.webm,19215
319,create a layer mask,77.69,108.65,https://images-tv.adobe.com/avp/vr/b758b4c4-2a74-41f4-8e67-e2f2eab83c6a/dfea554e-76fa-4ec0-be2c-fbfe37b4d5a4/499d445a-8a36-4727-8d12-03b28da24e06_20170727090151.1280x720at2400_vp8.webm,19215
320,hide image on the object layer,109.73,153.9,https://images-tv.adobe.com/avp/vr/b758b4c4-2a74-41f4-8e67-e2f2eab83c6a/dfea554e-76fa-4ec0-be2c-fbfe37b4d5a4/499d445a-8a36-4727-8d12-03b28da24e06_20170727090151.1280x720at2400_vp8.webm,19215
321,show image on object layer,154.219999,182.59,https://images-tv.adobe.com/avp/vr/b758b4c4-2a74-41f4-8e67-e2f2eab83c6a/dfea554e-76fa-4ec0-be2c-fbfe37b4d5a4/499d445a-8a36-4727-8d12-03b28da24e06_20170727090151.1280x720at2400_vp8.webm,19215
322,resize and rotate the pencil,222.59,250.63,https://images-tv.adobe.com/avp/vr/b758b4c4-2a74-41f4-8e67-e2f2eab83c6a/dfea554e-76fa-4ec0-be2c-fbfe37b4d5a4/499d445a-8a36-4727-8d12-03b28da24e06_20170727090151.1280x720at2400_vp8.webm,19215
323,save the object layer,262.639999,299.04,https://images-tv.adobe.com/avp/vr/b758b4c4-2a74-41f4-8e67-e2f2eab83c6a/dfea554e-76fa-4ec0-be2c-fbfe37b4d5a4/499d445a-8a36-4727-8d12-03b28da24e06_20170727090151.1280x720at2400_vp8.webm,19215
324,perspective warp,31.2,61.66,https://images-tv.adobe.com/avp/vr/b3750ea0-c30d-4b5d-b762-db043c5f3f91/1c8bacf6-078a-4974-8a7b-d5d51f150f1d/74640756-d9ea-446e-8059-2fde65f317ec_20150623063744.1280x720at2400_vp8.webm,3082
325,perspective grids,70.219999,109.9,https://images-tv.adobe.com/avp/vr/b3750ea0-c30d-4b5d-b762-db043c5f3f91/1c8bacf6-078a-4974-8a7b-d5d51f150f1d/74640756-d9ea-446e-8059-2fde65f317ec_20150623063744.1280x720at2400_vp8.webm,3082
326,add dimensionality to 2D image,111.17,236.88,https://images-tv.adobe.com/avp/vr/b3750ea0-c30d-4b5d-b762-db043c5f3f91/1c8bacf6-078a-4974-8a7b-d5d51f150f1d/74640756-d9ea-446e-8059-2fde65f317ec_20150623063744.1280x720at2400_vp8.webm,3082
327,straighten an image,238.14,268.03,https://images-tv.adobe.com/avp/vr/b3750ea0-c30d-4b5d-b762-db043c5f3f91/1c8bacf6-078a-4974-8a7b-d5d51f150f1d/74640756-d9ea-446e-8059-2fde65f317ec_20150623063744.1280x720at2400_vp8.webm,3082
328,redo perspective,273.36,282.68,https://images-tv.adobe.com/avp/vr/b3750ea0-c30d-4b5d-b762-db043c5f3f91/1c8bacf6-078a-4974-8a7b-d5d51f150f1d/74640756-d9ea-446e-8059-2fde65f317ec_20150623063744.1280x720at2400_vp8.webm,3082
329,change perspective,294.73,338.78,https://images-tv.adobe.com/avp/vr/b3750ea0-c30d-4b5d-b762-db043c5f3f91/1c8bacf6-078a-4974-8a7b-d5d51f150f1d/74640756-d9ea-446e-8059-2fde65f317ec_20150623063744.1280x720at2400_vp8.webm,3082
330,foreshorten image,347.67,380.05,https://images-tv.adobe.com/avp/vr/b3750ea0-c30d-4b5d-b762-db043c5f3f91/1c8bacf6-078a-4974-8a7b-d5d51f150f1d/74640756-d9ea-446e-8059-2fde65f317ec_20150623063744.1280x720at2400_vp8.webm,3082
331,Adobe Illustrator alignment vs. Adobe Photoshop alignment,13.009999,60.42,https://images-tv.adobe.com/avp/vr/b3750ea0-c30d-4b5d-b762-db043c5f3f91/cc4ee649-bb9f-48de-8cc8-d6803024efcb/da2bc645-b9c3-403b-a6ac-a6bdd92058b5_20150818083155.854x480at800_vp8.webm,4051
332,turn alignment options on,60.98,113.83,https://images-tv.adobe.com/avp/vr/b3750ea0-c30d-4b5d-b762-db043c5f3f91/cc4ee649-bb9f-48de-8cc8-d6803024efcb/da2bc645-b9c3-403b-a6ac-a6bdd92058b5_20150818083155.854x480at800_vp8.webm,4051
333,turn all layers off except one,124.959999,151.8,https://images-tv.adobe.com/avp/vr/b3750ea0-c30d-4b5d-b762-db043c5f3f91/cc4ee649-bb9f-48de-8cc8-d6803024efcb/da2bc645-b9c3-403b-a6ac-a6bdd92058b5_20150818083155.854x480at800_vp8.webm,4051
334,select multiple objects,174.02,201.4,https://images-tv.adobe.com/avp/vr/b3750ea0-c30d-4b5d-b762-db043c5f3f91/cc4ee649-bb9f-48de-8cc8-d6803024efcb/da2bc645-b9c3-403b-a6ac-a6bdd92058b5_20150818083155.854x480at800_vp8.webm,4051
335,auto select,201.4,246.22,https://images-tv.adobe.com/avp/vr/b3750ea0-c30d-4b5d-b762-db043c5f3f91/cc4ee649-bb9f-48de-8cc8-d6803024efcb/da2bc645-b9c3-403b-a6ac-a6bdd92058b5_20150818083155.854x480at800_vp8.webm,4051
336,align objects horizontally,246.75,275.99,https://images-tv.adobe.com/avp/vr/b3750ea0-c30d-4b5d-b762-db043c5f3f91/cc4ee649-bb9f-48de-8cc8-d6803024efcb/da2bc645-b9c3-403b-a6ac-a6bdd92058b5_20150818083155.854x480at800_vp8.webm,4051
337,"align left, center, or right",276.76,313.88,https://images-tv.adobe.com/avp/vr/b3750ea0-c30d-4b5d-b762-db043c5f3f91/cc4ee649-bb9f-48de-8cc8-d6803024efcb/da2bc645-b9c3-403b-a6ac-a6bdd92058b5_20150818083155.854x480at800_vp8.webm,4051
338,distribute objects,315.849999,339.83,https://images-tv.adobe.com/avp/vr/b3750ea0-c30d-4b5d-b762-db043c5f3f91/cc4ee649-bb9f-48de-8cc8-d6803024efcb/da2bc645-b9c3-403b-a6ac-a6bdd92058b5_20150818083155.854x480at800_vp8.webm,4051
339,put photographs together,355.52,386.5,https://images-tv.adobe.com/avp/vr/b3750ea0-c30d-4b5d-b762-db043c5f3f91/cc4ee649-bb9f-48de-8cc8-d6803024efcb/da2bc645-b9c3-403b-a6ac-a6bdd92058b5_20150818083155.854x480at800_vp8.webm,4051
340,content aware fill,24.39,51.99,https://images-tv.adobe.com/avp/vr/b3750ea0-c30d-4b5d-b762-db043c5f3f91/8993a845-037b-4270-a817-6e0a1a7b32d1/2e1454ee-539c-442b-867e-5b839963179e_20150818083903.854x480at800_vp8.webm,4089
341,color adaptation,52.209999,67.79,https://images-tv.adobe.com/avp/vr/b3750ea0-c30d-4b5d-b762-db043c5f3f91/8993a845-037b-4270-a817-6e0a1a7b32d1/2e1454ee-539c-442b-867e-5b839963179e_20150818083903.854x480at800_vp8.webm,4089
342,remove object while preserving others around it,68.259999,166.92,https://images-tv.adobe.com/avp/vr/b3750ea0-c30d-4b5d-b762-db043c5f3f91/8993a845-037b-4270-a817-6e0a1a7b32d1/2e1454ee-539c-442b-867e-5b839963179e_20150818083903.854x480at800_vp8.webm,4089
343,change adaptation options,170.11,203.03,https://images-tv.adobe.com/avp/vr/b3750ea0-c30d-4b5d-b762-db043c5f3f91/8993a845-037b-4270-a817-6e0a1a7b32d1/2e1454ee-539c-442b-867e-5b839963179e_20150818083903.854x480at800_vp8.webm,4089
344,content aware move,228.5,293.55,https://images-tv.adobe.com/avp/vr/b3750ea0-c30d-4b5d-b762-db043c5f3f91/8993a845-037b-4270-a817-6e0a1a7b32d1/2e1454ee-539c-442b-867e-5b839963179e_20150818083903.854x480at800_vp8.webm,4089
345,show seam of an object,324.049999,341.05,https://images-tv.adobe.com/avp/vr/b3750ea0-c30d-4b5d-b762-db043c5f3f91/8993a845-037b-4270-a817-6e0a1a7b32d1/2e1454ee-539c-442b-867e-5b839963179e_20150818083903.854x480at800_vp8.webm,4089
346,edit an object on a layer,42.08,76.09,https://images-tv.adobe.com/avp/vr/b3750ea0-c30d-4b5d-b762-db043c5f3f91/8ba05794-33f8-4f73-a324-6f26e69c15ac/643759dd-50f7-4a7f-a642-7319650662fc_20150818084140.854x480at800_vp8.webm,4103
347,turn layers on and off,86.07,117.77,https://images-tv.adobe.com/avp/vr/b3750ea0-c30d-4b5d-b762-db043c5f3f91/8ba05794-33f8-4f73-a324-6f26e69c15ac/643759dd-50f7-4a7f-a642-7319650662fc_20150818084140.854x480at800_vp8.webm,4103
348,create and remove new layers,118.559999,138.479999,https://images-tv.adobe.com/avp/vr/b3750ea0-c30d-4b5d-b762-db043c5f3f91/8ba05794-33f8-4f73-a324-6f26e69c15ac/643759dd-50f7-4a7f-a642-7319650662fc_20150818084140.854x480at800_vp8.webm,4103
349,layer options,139.009999,171.8,https://images-tv.adobe.com/avp/vr/b3750ea0-c30d-4b5d-b762-db043c5f3f91/8ba05794-33f8-4f73-a324-6f26e69c15ac/643759dd-50f7-4a7f-a642-7319650662fc_20150818084140.854x480at800_vp8.webm,4103
350,type layers,203.04,219.53,https://images-tv.adobe.com/avp/vr/b3750ea0-c30d-4b5d-b762-db043c5f3f91/8ba05794-33f8-4f73-a324-6f26e69c15ac/643759dd-50f7-4a7f-a642-7319650662fc_20150818084140.854x480at800_vp8.webm,4103
351,order of layers,225.24,256.92,https://images-tv.adobe.com/avp/vr/b3750ea0-c30d-4b5d-b762-db043c5f3f91/8ba05794-33f8-4f73-a324-6f26e69c15ac/643759dd-50f7-4a7f-a642-7319650662fc_20150818084140.854x480at800_vp8.webm,4103
352,background layer,257.65,287.07,https://images-tv.adobe.com/avp/vr/b3750ea0-c30d-4b5d-b762-db043c5f3f91/8ba05794-33f8-4f73-a324-6f26e69c15ac/643759dd-50f7-4a7f-a642-7319650662fc_20150818084140.854x480at800_vp8.webm,4103
353,group layers,36.719999,85.18,https://images-tv.adobe.com/avp/vr/b3750ea0-c30d-4b5d-b762-db043c5f3f91/073eca3f-b1ab-4cfd-a434-aad40fdb3c19/de9ad4c5-263e-41bd-9f92-a0b8fe299121_20150818085205.854x480at800_vp8.webm,4157
354,name layers,90.6,111.21,https://images-tv.adobe.com/avp/vr/b3750ea0-c30d-4b5d-b762-db043c5f3f91/073eca3f-b1ab-4cfd-a434-aad40fdb3c19/de9ad4c5-263e-41bd-9f92-a0b8fe299121_20150818085205.854x480at800_vp8.webm,4157
355,edit group,111.87,127.34,https://images-tv.adobe.com/avp/vr/b3750ea0-c30d-4b5d-b762-db043c5f3f91/073eca3f-b1ab-4cfd-a434-aad40fdb3c19/de9ad4c5-263e-41bd-9f92-a0b8fe299121_20150818085205.854x480at800_vp8.webm,4157
356,disband group,128.05,163.51,https://images-tv.adobe.com/avp/vr/b3750ea0-c30d-4b5d-b762-db043c5f3f91/073eca3f-b1ab-4cfd-a434-aad40fdb3c19/de9ad4c5-263e-41bd-9f92-a0b8fe299121_20150818085205.854x480at800_vp8.webm,4157
357,shortcut for creating a group,164.15,184.01,https://images-tv.adobe.com/avp/vr/b3750ea0-c30d-4b5d-b762-db043c5f3f91/073eca3f-b1ab-4cfd-a434-aad40fdb3c19/de9ad4c5-263e-41bd-9f92-a0b8fe299121_20150818085205.854x480at800_vp8.webm,4157
358,using search to group layers,184.44,228.57,https://images-tv.adobe.com/avp/vr/b3750ea0-c30d-4b5d-b762-db043c5f3f91/073eca3f-b1ab-4cfd-a434-aad40fdb3c19/de9ad4c5-263e-41bd-9f92-a0b8fe299121_20150818085205.854x480at800_vp8.webm,4157
359,crop tool,0.98,39.18,https://images-tv.adobe.com/avp/vr/b3750ea0-c30d-4b5d-b762-db043c5f3f91/c847b60d-1cc0-467f-9dc5-f36f3eb65d40/48eea31b-31f2-45b0-bc6e-40602b5987d7_20150818085538.854x480at800_vp8.webm,4177
360,delete cropped pixels,39.53,56.54,https://images-tv.adobe.com/avp/vr/b3750ea0-c30d-4b5d-b762-db043c5f3f91/c847b60d-1cc0-467f-9dc5-f36f3eb65d40/48eea31b-31f2-45b0-bc6e-40602b5987d7_20150818085538.854x480at800_vp8.webm,4177
361,hide crop,62.42,100.52,https://images-tv.adobe.com/avp/vr/b3750ea0-c30d-4b5d-b762-db043c5f3f91/c847b60d-1cc0-467f-9dc5-f36f3eb65d40/48eea31b-31f2-45b0-bc6e-40602b5987d7_20150818085538.854x480at800_vp8.webm,4177
362,overlays,116.62,157.07,https://images-tv.adobe.com/avp/vr/b3750ea0-c30d-4b5d-b762-db043c5f3f91/c847b60d-1cc0-467f-9dc5-f36f3eb65d40/48eea31b-31f2-45b0-bc6e-40602b5987d7_20150818085538.854x480at800_vp8.webm,4177
363,use quick select,19.44,38.59,https://images-tv.adobe.com/avp/vr/b3750ea0-c30d-4b5d-b762-db043c5f3f91/1127c3d6-9eaa-49af-8e1f-8c07377c3172/2f906127-e8fd-45ea-ab23-5400db0bd550_20150818085619.854x480at800_vp8.webm,4184
364,select an image based on focus,39.07,66.55,https://images-tv.adobe.com/avp/vr/b3750ea0-c30d-4b5d-b762-db043c5f3f91/1127c3d6-9eaa-49af-8e1f-8c07377c3172/2f906127-e8fd-45ea-ab23-5400db0bd550_20150818085619.854x480at800_vp8.webm,4184
365,add or subtract from selection area,66.98,90.059999,https://images-tv.adobe.com/avp/vr/b3750ea0-c30d-4b5d-b762-db043c5f3f91/1127c3d6-9eaa-49af-8e1f-8c07377c3172/2f906127-e8fd-45ea-ab23-5400db0bd550_20150818085619.854x480at800_vp8.webm,4184
366,refine selection area,90.51,118.69,https://images-tv.adobe.com/avp/vr/b3750ea0-c30d-4b5d-b762-db043c5f3f91/1127c3d6-9eaa-49af-8e1f-8c07377c3172/2f906127-e8fd-45ea-ab23-5400db0bd550_20150818085619.854x480at800_vp8.webm,4184
367,hue saturation adjustment,125.99,146.39,https://images-tv.adobe.com/avp/vr/b3750ea0-c30d-4b5d-b762-db043c5f3f91/1127c3d6-9eaa-49af-8e1f-8c07377c3172/2f906127-e8fd-45ea-ab23-5400db0bd550_20150818085619.854x480at800_vp8.webm,4184
368,apply adjustments,1.21,21.26,https://images-tv.adobe.com/avp/vr/b3750ea0-c30d-4b5d-b762-db043c5f3f91/99a4b5c3-ec3f-458b-9408-37d96e703401/b3ea1b01-4d5a-41bc-b5ea-818c8a094bad_20150818090634.854x480at800_vp8.webm,4218
369,adjustment panel,21.93,56.1,https://images-tv.adobe.com/avp/vr/b3750ea0-c30d-4b5d-b762-db043c5f3f91/99a4b5c3-ec3f-458b-9408-37d96e703401/b3ea1b01-4d5a-41bc-b5ea-818c8a094bad_20150818090634.854x480at800_vp8.webm,4218
370,properties panel,56.71,103.34,https://images-tv.adobe.com/avp/vr/b3750ea0-c30d-4b5d-b762-db043c5f3f91/99a4b5c3-ec3f-458b-9408-37d96e703401/b3ea1b01-4d5a-41bc-b5ea-818c8a094bad_20150818090634.854x480at800_vp8.webm,4218
371,bring color back within an image,122.48,152.77,https://images-tv.adobe.com/avp/vr/b3750ea0-c30d-4b5d-b762-db043c5f3f91/99a4b5c3-ec3f-458b-9408-37d96e703401/b3ea1b01-4d5a-41bc-b5ea-818c8a094bad_20150818090634.854x480at800_vp8.webm,4218
372,get rid of color,153.29,193.25,https://images-tv.adobe.com/avp/vr/b3750ea0-c30d-4b5d-b762-db043c5f3f91/99a4b5c3-ec3f-458b-9408-37d96e703401/b3ea1b01-4d5a-41bc-b5ea-818c8a094bad_20150818090634.854x480at800_vp8.webm,4218
373,re-introduce color to an image,201.17,231.589999,https://images-tv.adobe.com/avp/vr/b3750ea0-c30d-4b5d-b762-db043c5f3f91/99a4b5c3-ec3f-458b-9408-37d96e703401/b3ea1b01-4d5a-41bc-b5ea-818c8a094bad_20150818090634.854x480at800_vp8.webm,4218
374,create new action set,20.2,54.08,https://images-tv.adobe.com/avp/vr/b3750ea0-c30d-4b5d-b762-db043c5f3f91/611c2763-9b9d-4bfa-beea-875ff51c4446/31a3e5e2-7952-4037-ab23-af1303778873_20150818091141.854x480at800_vp8.webm,4237
375,create new action,54.68,86.36,https://images-tv.adobe.com/avp/vr/b3750ea0-c30d-4b5d-b762-db043c5f3f91/611c2763-9b9d-4bfa-beea-875ff51c4446/31a3e5e2-7952-4037-ab23-af1303778873_20150818091141.854x480at800_vp8.webm,4237
376,record action,87.139999,112.74,https://images-tv.adobe.com/avp/vr/b3750ea0-c30d-4b5d-b762-db043c5f3f91/611c2763-9b9d-4bfa-beea-875ff51c4446/31a3e5e2-7952-4037-ab23-af1303778873_20150818091141.854x480at800_vp8.webm,4237
377,smart filters,140.79,174.31,https://images-tv.adobe.com/avp/vr/b3750ea0-c30d-4b5d-b762-db043c5f3f91/611c2763-9b9d-4bfa-beea-875ff51c4446/31a3e5e2-7952-4037-ab23-af1303778873_20150818091141.854x480at800_vp8.webm,4237
378,add noise,174.87,208.18,https://images-tv.adobe.com/avp/vr/b3750ea0-c30d-4b5d-b762-db043c5f3f91/611c2763-9b9d-4bfa-beea-875ff51c4446/31a3e5e2-7952-4037-ab23-af1303778873_20150818091141.854x480at800_vp8.webm,4237
379,record saving an image,208.179999,229.74,https://images-tv.adobe.com/avp/vr/b3750ea0-c30d-4b5d-b762-db043c5f3f91/611c2763-9b9d-4bfa-beea-875ff51c4446/31a3e5e2-7952-4037-ab23-af1303778873_20150818091141.854x480at800_vp8.webm,4237
380,apply action to a different image,244.349999,274.17,https://images-tv.adobe.com/avp/vr/b3750ea0-c30d-4b5d-b762-db043c5f3f91/611c2763-9b9d-4bfa-beea-875ff51c4446/31a3e5e2-7952-4037-ab23-af1303778873_20150818091141.854x480at800_vp8.webm,4237
381,linking,28.01,105.059999,https://images-tv.adobe.com/avp/vr/b3750ea0-c30d-4b5d-b762-db043c5f3f91/9d565eab-40bf-48bf-878f-7490ff84cb1a/f1ebb8aa-8316-4f0e-a0ea-fc734202befb_20150818091411.854x480at800_vp8.webm,4255
382,linked smart object,114.55,132.63,https://images-tv.adobe.com/avp/vr/b3750ea0-c30d-4b5d-b762-db043c5f3f91/9d565eab-40bf-48bf-878f-7490ff84cb1a/f1ebb8aa-8316-4f0e-a0ea-fc734202befb_20150818091411.854x480at800_vp8.webm,4255
383,edit content,133.17,151.37,https://images-tv.adobe.com/avp/vr/b3750ea0-c30d-4b5d-b762-db043c5f3f91/9d565eab-40bf-48bf-878f-7490ff84cb1a/f1ebb8aa-8316-4f0e-a0ea-fc734202befb_20150818091411.854x480at800_vp8.webm,4255
384,place linked,151.79,190.329999,https://images-tv.adobe.com/avp/vr/b3750ea0-c30d-4b5d-b762-db043c5f3f91/9d565eab-40bf-48bf-878f-7490ff84cb1a/f1ebb8aa-8316-4f0e-a0ea-fc734202befb_20150818091411.854x480at800_vp8.webm,4255
385,edit linked object,219.04,269.39,https://images-tv.adobe.com/avp/vr/b3750ea0-c30d-4b5d-b762-db043c5f3f91/9d565eab-40bf-48bf-878f-7490ff84cb1a/f1ebb8aa-8316-4f0e-a0ea-fc734202befb_20150818091411.854x480at800_vp8.webm,4255
386,edit closed linked objects,320.469999,373.3,https://images-tv.adobe.com/avp/vr/b3750ea0-c30d-4b5d-b762-db043c5f3f91/9d565eab-40bf-48bf-878f-7490ff84cb1a/f1ebb8aa-8316-4f0e-a0ea-fc734202befb_20150818091411.854x480at800_vp8.webm,4255
387,smart objects,407.889999,420.61,https://images-tv.adobe.com/avp/vr/b3750ea0-c30d-4b5d-b762-db043c5f3f91/9d565eab-40bf-48bf-878f-7490ff84cb1a/f1ebb8aa-8316-4f0e-a0ea-fc734202befb_20150818091411.854x480at800_vp8.webm,4255
388,embedded smart object,429.23,462.11,https://images-tv.adobe.com/avp/vr/b3750ea0-c30d-4b5d-b762-db043c5f3f91/9d565eab-40bf-48bf-878f-7490ff84cb1a/f1ebb8aa-8316-4f0e-a0ea-fc734202befb_20150818091411.854x480at800_vp8.webm,4255
389,change embedded to linked,462.719999,502.179999,https://images-tv.adobe.com/avp/vr/b3750ea0-c30d-4b5d-b762-db043c5f3f91/9d565eab-40bf-48bf-878f-7490ff84cb1a/f1ebb8aa-8316-4f0e-a0ea-fc734202befb_20150818091411.854x480at800_vp8.webm,4255
390,move linked image,512.099999,544.31,https://images-tv.adobe.com/avp/vr/b3750ea0-c30d-4b5d-b762-db043c5f3f91/9d565eab-40bf-48bf-878f-7490ff84cb1a/f1ebb8aa-8316-4f0e-a0ea-fc734202befb_20150818091411.854x480at800_vp8.webm,4255
391,package,545.33,572.51,https://images-tv.adobe.com/avp/vr/b3750ea0-c30d-4b5d-b762-db043c5f3f91/9d565eab-40bf-48bf-878f-7490ff84cb1a/f1ebb8aa-8316-4f0e-a0ea-fc734202befb_20150818091411.854x480at800_vp8.webm,4255
392,rectangular marquee tool,25.86,70.4,https://images-tv.adobe.com/avp/vr/b3750ea0-c30d-4b5d-b762-db043c5f3f91/40a00428-62d3-416b-a45d-94f12839df56/f33cc05b-e235-4859-83d6-13de37a1d25c_20150818091513.854x480at800_vp8.webm,4263
393,elliptical marquee tool,87.389999,131.89,https://images-tv.adobe.com/avp/vr/b3750ea0-c30d-4b5d-b762-db043c5f3f91/40a00428-62d3-416b-a45d-94f12839df56/f33cc05b-e235-4859-83d6-13de37a1d25c_20150818091513.854x480at800_vp8.webm,4263
394,lasso tool,142.65,164.69,https://images-tv.adobe.com/avp/vr/b3750ea0-c30d-4b5d-b762-db043c5f3f91/40a00428-62d3-416b-a45d-94f12839df56/f33cc05b-e235-4859-83d6-13de37a1d25c_20150818091513.854x480at800_vp8.webm,4263
395,polygonal lasso tool,164.79,211.729999,https://images-tv.adobe.com/avp/vr/b3750ea0-c30d-4b5d-b762-db043c5f3f91/40a00428-62d3-416b-a45d-94f12839df56/f33cc05b-e235-4859-83d6-13de37a1d25c_20150818091513.854x480at800_vp8.webm,4263
396,quick selection tool,227.78,258.19,https://images-tv.adobe.com/avp/vr/b3750ea0-c30d-4b5d-b762-db043c5f3f91/40a00428-62d3-416b-a45d-94f12839df56/f33cc05b-e235-4859-83d6-13de37a1d25c_20150818091513.854x480at800_vp8.webm,4263
397,content aware fill,9.21,45.58,https://images-tv.adobe.com/avp/vr/b3750ea0-c30d-4b5d-b762-db043c5f3f91/942cbd0a-0e48-4d7e-a6a1-d6a783712541/a9dc76ef-2a2b-4bef-81cf-6b1733de720e_20150818101514.854x480at800_vp8.webm,4393
398,content aware shortcut,45.92,59,https://images-tv.adobe.com/avp/vr/b3750ea0-c30d-4b5d-b762-db043c5f3f91/942cbd0a-0e48-4d7e-a6a1-d6a783712541/a9dc76ef-2a2b-4bef-81cf-6b1733de720e_20150818101514.854x480at800_vp8.webm,4393
399,create an artboard,35.709999,45.74,https://images-tv.adobe.com/avp/vr/b3750ea0-c30d-4b5d-b762-db043c5f3f91/b645a043-0463-4ca9-a7ad-5613ad0d52cb/39865285-7bbf-49a4-9d12-5c53f255a54b_20151005074759.1280x720at2400_vp8.webm,4713
400,change artboard properties,45.84,84.899999,https://images-tv.adobe.com/avp/vr/b3750ea0-c30d-4b5d-b762-db043c5f3f91/b645a043-0463-4ca9-a7ad-5613ad0d52cb/39865285-7bbf-49a4-9d12-5c53f255a54b_20151005074759.1280x720at2400_vp8.webm,4713
401,artboard-specific grids,85.929999,99.039999,https://images-tv.adobe.com/avp/vr/b3750ea0-c30d-4b5d-b762-db043c5f3f91/b645a043-0463-4ca9-a7ad-5613ad0d52cb/39865285-7bbf-49a4-9d12-5c53f255a54b_20151005074759.1280x720at2400_vp8.webm,4713
402,add artboard,100.19,128.85,https://images-tv.adobe.com/avp/vr/b3750ea0-c30d-4b5d-b762-db043c5f3f91/b645a043-0463-4ca9-a7ad-5613ad0d52cb/39865285-7bbf-49a4-9d12-5c53f255a54b_20151005074759.1280x720at2400_vp8.webm,4713
403,toggle the visibility of artboards,129.58,138.49,https://images-tv.adobe.com/avp/vr/b3750ea0-c30d-4b5d-b762-db043c5f3f91/b645a043-0463-4ca9-a7ad-5613ad0d52cb/39865285-7bbf-49a4-9d12-5c53f255a54b_20151005074759.1280x720at2400_vp8.webm,4713
404,arrange layers on artboard,140.24,159.169999,https://images-tv.adobe.com/avp/vr/b3750ea0-c30d-4b5d-b762-db043c5f3f91/b645a043-0463-4ca9-a7ad-5613ad0d52cb/39865285-7bbf-49a4-9d12-5c53f255a54b_20151005074759.1280x720at2400_vp8.webm,4713
405,drag content in and out of an artboard,165.42,181.57,https://images-tv.adobe.com/avp/vr/b3750ea0-c30d-4b5d-b762-db043c5f3f91/b645a043-0463-4ca9-a7ad-5613ad0d52cb/39865285-7bbf-49a4-9d12-5c53f255a54b_20151005074759.1280x720at2400_vp8.webm,4713
406,control content inside of an artboard,182.1,195.85,https://images-tv.adobe.com/avp/vr/b3750ea0-c30d-4b5d-b762-db043c5f3f91/b645a043-0463-4ca9-a7ad-5613ad0d52cb/39865285-7bbf-49a4-9d12-5c53f255a54b_20151005074759.1280x720at2400_vp8.webm,4713
407,export artboard,197.67,226.29,https://images-tv.adobe.com/avp/vr/b3750ea0-c30d-4b5d-b762-db043c5f3f91/b645a043-0463-4ca9-a7ad-5613ad0d52cb/39865285-7bbf-49a4-9d12-5c53f255a54b_20151005074759.1280x720at2400_vp8.webm,4713